<?xml version="1.0" encoding="UTF-8"?>
<codedb>
  <cl id="1">
    <enumeration value="751"/>
  </cl>
  <cl id="2">
    <enumeration value="102"/>
  </cl>
  <cl id="3">
    <enumeration value="AAA"/>
    <enumeration value="AAB"/>
    <enumeration value="AAC"/>
    <enumeration value="AAD"/>
    <enumeration value="AAE"/>
    <enumeration value="AAF"/>
    <enumeration value="AAG"/>
    <enumeration value="AAI"/>
    <enumeration value="AAJ"/>
    <enumeration value="AAK"/>
    <enumeration value="AAL"/>
    <enumeration value="AAM"/>
    <enumeration value="AAN"/>
    <enumeration value="AAO"/>
    <enumeration value="AAP"/>
    <enumeration value="AAQ"/>
    <enumeration value="AAR"/>
    <enumeration value="AAS"/>
    <enumeration value="AAT"/>
    <enumeration value="AAU"/>
    <enumeration value="AAV"/>
    <enumeration value="AAW"/>
    <enumeration value="AAX"/>
    <enumeration value="AAY"/>
    <enumeration value="AAZ"/>
    <enumeration value="ABA"/>
    <enumeration value="ABB"/>
    <enumeration value="ABC"/>
    <enumeration value="ABD"/>
    <enumeration value="ABE"/>
    <enumeration value="ABF"/>
    <enumeration value="ABG"/>
    <enumeration value="ABH"/>
    <enumeration value="ABI"/>
    <enumeration value="ABJ"/>
    <enumeration value="ABK"/>
    <enumeration value="ABL"/>
    <enumeration value="ABM"/>
    <enumeration value="ABN"/>
    <enumeration value="ABO"/>
    <enumeration value="ABP"/>
    <enumeration value="ABQ"/>
    <enumeration value="ABR"/>
    <enumeration value="ABS"/>
    <enumeration value="ABT"/>
    <enumeration value="ABU"/>
    <enumeration value="ABV"/>
    <enumeration value="ABW"/>
    <enumeration value="ABX"/>
    <enumeration value="ABZ"/>
    <enumeration value="ACA"/>
    <enumeration value="ACB"/>
    <enumeration value="ACC"/>
    <enumeration value="ACD"/>
    <enumeration value="ACE"/>
    <enumeration value="ACF"/>
    <enumeration value="ACG"/>
    <enumeration value="ACH"/>
    <enumeration value="ACI"/>
    <enumeration value="ACJ"/>
    <enumeration value="ACK"/>
    <enumeration value="ACL"/>
    <enumeration value="ACM"/>
    <enumeration value="ACN"/>
    <enumeration value="ACO"/>
    <enumeration value="ACP"/>
    <enumeration value="ACQ"/>
    <enumeration value="ACR"/>
    <enumeration value="ACS"/>
    <enumeration value="ACT"/>
    <enumeration value="ACU"/>
    <enumeration value="ACV"/>
    <enumeration value="ACW"/>
    <enumeration value="ACX"/>
    <enumeration value="ACY"/>
    <enumeration value="ACZ"/>
    <enumeration value="ADA"/>
    <enumeration value="ADB"/>
    <enumeration value="ADC"/>
    <enumeration value="ADD"/>
    <enumeration value="ADE"/>
    <enumeration value="ADF"/>
    <enumeration value="ADG"/>
    <enumeration value="ADH"/>
    <enumeration value="ADI"/>
    <enumeration value="ADJ"/>
    <enumeration value="ADK"/>
    <enumeration value="ADL"/>
    <enumeration value="ADM"/>
    <enumeration value="ADN"/>
    <enumeration value="ADO"/>
    <enumeration value="ADP"/>
    <enumeration value="ADQ"/>
    <enumeration value="ADR"/>
    <enumeration value="ADS"/>
    <enumeration value="ADT"/>
    <enumeration value="ADU"/>
    <enumeration value="ADV"/>
    <enumeration value="ADW"/>
    <enumeration value="ADX"/>
    <enumeration value="ADY"/>
    <enumeration value="ADZ"/>
    <enumeration value="AEA"/>
    <enumeration value="AEB"/>
    <enumeration value="AEC"/>
    <enumeration value="AED"/>
    <enumeration value="AEE"/>
    <enumeration value="AEF"/>
    <enumeration value="AEG"/>
    <enumeration value="AEH"/>
    <enumeration value="AEI"/>
    <enumeration value="AEJ"/>
    <enumeration value="AEK"/>
    <enumeration value="AEL"/>
    <enumeration value="AEM"/>
    <enumeration value="AEN"/>
    <enumeration value="AEO"/>
    <enumeration value="AEP"/>
    <enumeration value="AEQ"/>
    <enumeration value="AER"/>
    <enumeration value="AES"/>
    <enumeration value="AET"/>
    <enumeration value="AEU"/>
    <enumeration value="AEV"/>
    <enumeration value="AEW"/>
    <enumeration value="AEX"/>
    <enumeration value="AEY"/>
    <enumeration value="AEZ"/>
    <enumeration value="AFA"/>
    <enumeration value="AFB"/>
    <enumeration value="AFC"/>
    <enumeration value="AFD"/>
    <enumeration value="AFE"/>
    <enumeration value="AFF"/>
    <enumeration value="AFG"/>
    <enumeration value="AFH"/>
    <enumeration value="AFI"/>
    <enumeration value="AFJ"/>
    <enumeration value="AFK"/>
    <enumeration value="AFL"/>
    <enumeration value="AFM"/>
    <enumeration value="AFN"/>
    <enumeration value="AFO"/>
    <enumeration value="AFP"/>
    <enumeration value="AFQ"/>
    <enumeration value="AFR"/>
    <enumeration value="AFS"/>
    <enumeration value="AFT"/>
    <enumeration value="AFU"/>
    <enumeration value="AFV"/>
    <enumeration value="AFW"/>
    <enumeration value="AFX"/>
    <enumeration value="AFY"/>
    <enumeration value="AFZ"/>
    <enumeration value="AGA"/>
    <enumeration value="AGB"/>
    <enumeration value="AGC"/>
    <enumeration value="AGD"/>
    <enumeration value="AGE"/>
    <enumeration value="AGF"/>
    <enumeration value="AGG"/>
    <enumeration value="AGH"/>
    <enumeration value="AGI"/>
    <enumeration value="AGJ"/>
    <enumeration value="AGK"/>
    <enumeration value="AGL"/>
    <enumeration value="AGM"/>
    <enumeration value="AGN"/>
    <enumeration value="AGO"/>
    <enumeration value="AGP"/>
    <enumeration value="AGQ"/>
    <enumeration value="AGR"/>
    <enumeration value="AGS"/>
    <enumeration value="AGT"/>
    <enumeration value="AGU"/>
    <enumeration value="AGV"/>
    <enumeration value="AGW"/>
    <enumeration value="AGX"/>
    <enumeration value="AGY"/>
    <enumeration value="AGZ"/>
    <enumeration value="AHA"/>
    <enumeration value="AHB"/>
    <enumeration value="AHC"/>
    <enumeration value="AHD"/>
    <enumeration value="AHE"/>
    <enumeration value="AHF"/>
    <enumeration value="AHG"/>
    <enumeration value="AHH"/>
    <enumeration value="AHI"/>
    <enumeration value="AHJ"/>
    <enumeration value="AHK"/>
    <enumeration value="AHL"/>
    <enumeration value="AHM"/>
    <enumeration value="AHN"/>
    <enumeration value="AHO"/>
    <enumeration value="AHP"/>
    <enumeration value="AHQ"/>
    <enumeration value="AHR"/>
    <enumeration value="AHS"/>
    <enumeration value="AHT"/>
    <enumeration value="AHU"/>
    <enumeration value="AHV"/>
    <enumeration value="AHW"/>
    <enumeration value="AHX"/>
    <enumeration value="AHY"/>
    <enumeration value="AHZ"/>
    <enumeration value="AIA"/>
    <enumeration value="AIB"/>
    <enumeration value="AIC"/>
    <enumeration value="AID"/>
    <enumeration value="AIE"/>
    <enumeration value="AIF"/>
    <enumeration value="AIG"/>
    <enumeration value="AIH"/>
    <enumeration value="AII"/>
    <enumeration value="AIJ"/>
    <enumeration value="AIK"/>
    <enumeration value="AIL"/>
    <enumeration value="AIM"/>
    <enumeration value="AIN"/>
    <enumeration value="AIO"/>
    <enumeration value="AIP"/>
    <enumeration value="AIQ"/>
    <enumeration value="AIR"/>
    <enumeration value="AIS"/>
    <enumeration value="AIT"/>
    <enumeration value="AIU"/>
    <enumeration value="AIV"/>
    <enumeration value="AIW"/>
    <enumeration value="AIX"/>
    <enumeration value="AIY"/>
    <enumeration value="AIZ"/>
    <enumeration value="AJA"/>
    <enumeration value="AJB"/>
    <enumeration value="ALC"/>
    <enumeration value="ALD"/>
    <enumeration value="ALE"/>
    <enumeration value="ALF"/>
    <enumeration value="ALG"/>
    <enumeration value="ALH"/>
    <enumeration value="ALI"/>
    <enumeration value="ALJ"/>
    <enumeration value="ALK"/>
    <enumeration value="ALL"/>
    <enumeration value="ALM"/>
    <enumeration value="ALN"/>
    <enumeration value="ALO"/>
    <enumeration value="ALP"/>
    <enumeration value="ALQ"/>
    <enumeration value="ARR"/>
    <enumeration value="ARS"/>
    <enumeration value="AUT"/>
    <enumeration value="AUU"/>
    <enumeration value="AUV"/>
    <enumeration value="AUW"/>
    <enumeration value="AUX"/>
    <enumeration value="AUY"/>
    <enumeration value="AUZ"/>
    <enumeration value="AVA"/>
    <enumeration value="AVB"/>
    <enumeration value="AVC"/>
    <enumeration value="AVD"/>
    <enumeration value="AVE"/>
    <enumeration value="AVF"/>
    <enumeration value="BAG"/>
    <enumeration value="BAH"/>
    <enumeration value="BAI"/>
    <enumeration value="BAJ"/>
    <enumeration value="BAK"/>
    <enumeration value="BAL"/>
    <enumeration value="BAM"/>
    <enumeration value="BAN"/>
    <enumeration value="BAO"/>
    <enumeration value="BAP"/>
    <enumeration value="BAQ"/>
    <enumeration value="BLC"/>
    <enumeration value="BLD"/>
    <enumeration value="BLE"/>
    <enumeration value="BLF"/>
    <enumeration value="BLG"/>
    <enumeration value="BLH"/>
    <enumeration value="BLI"/>
    <enumeration value="BLJ"/>
    <enumeration value="BLK"/>
    <enumeration value="BLL"/>
    <enumeration value="BLM"/>
    <enumeration value="BLN"/>
    <enumeration value="BLO"/>
    <enumeration value="BLP"/>
    <enumeration value="BLQ"/>
    <enumeration value="BLR"/>
    <enumeration value="BLS"/>
    <enumeration value="BLT"/>
    <enumeration value="BLU"/>
    <enumeration value="BLV"/>
    <enumeration value="BLW"/>
    <enumeration value="BLX"/>
    <enumeration value="BLY"/>
    <enumeration value="BLZ"/>
    <enumeration value="BMA"/>
    <enumeration value="BMB"/>
    <enumeration value="BMC"/>
    <enumeration value="BMD"/>
    <enumeration value="BME"/>
    <enumeration value="CCI"/>
    <enumeration value="CEX"/>
    <enumeration value="CHG"/>
    <enumeration value="CIP"/>
    <enumeration value="CLP"/>
    <enumeration value="CLR"/>
    <enumeration value="COI"/>
    <enumeration value="CUR"/>
    <enumeration value="CUS"/>
    <enumeration value="DAR"/>
    <enumeration value="DCL"/>
    <enumeration value="DEL"/>
    <enumeration value="DIN"/>
    <enumeration value="DOC"/>
    <enumeration value="DUT"/>
    <enumeration value="EUR"/>
    <enumeration value="FBC"/>
    <enumeration value="GBL"/>
    <enumeration value="GEN"/>
    <enumeration value="GS7"/>
    <enumeration value="HAN"/>
    <enumeration value="HAZ"/>
    <enumeration value="ICN"/>
    <enumeration value="IIN"/>
    <enumeration value="IMI"/>
    <enumeration value="IND"/>
    <enumeration value="INS"/>
    <enumeration value="INV"/>
    <enumeration value="IRP"/>
    <enumeration value="ITR"/>
    <enumeration value="ITS"/>
    <enumeration value="LAN"/>
    <enumeration value="LIN"/>
    <enumeration value="LOI"/>
    <enumeration value="MCO"/>
    <enumeration value="MDH"/>
    <enumeration value="MKS"/>
    <enumeration value="ORI"/>
    <enumeration value="OSI"/>
    <enumeration value="PAC"/>
    <enumeration value="PAI"/>
    <enumeration value="PAY"/>
    <enumeration value="PKG"/>
    <enumeration value="PKT"/>
    <enumeration value="PMD"/>
    <enumeration value="PMT"/>
    <enumeration value="PRD"/>
    <enumeration value="PRF"/>
    <enumeration value="PRI"/>
    <enumeration value="PUR"/>
    <enumeration value="QIN"/>
    <enumeration value="QQD"/>
    <enumeration value="QUT"/>
    <enumeration value="RAH"/>
    <enumeration value="REG"/>
    <enumeration value="RET"/>
    <enumeration value="REV"/>
    <enumeration value="RQR"/>
    <enumeration value="SAF"/>
    <enumeration value="SIC"/>
    <enumeration value="SIN"/>
    <enumeration value="SLR"/>
    <enumeration value="SPA"/>
    <enumeration value="SPG"/>
    <enumeration value="SPH"/>
    <enumeration value="SPP"/>
    <enumeration value="SPT"/>
    <enumeration value="SRN"/>
    <enumeration value="SSR"/>
    <enumeration value="SUR"/>
    <enumeration value="TCA"/>
    <enumeration value="TDT"/>
    <enumeration value="TRA"/>
    <enumeration value="TRR"/>
    <enumeration value="TXD"/>
    <enumeration value="WHI"/>
    <enumeration value="ZZZ"/>
  </cl>
  <cl id="4">
    <enumeration value="0002"/>
    <enumeration value="0003"/>
    <enumeration value="0004"/>
    <enumeration value="0005"/>
    <enumeration value="0006"/>
    <enumeration value="0007"/>
    <enumeration value="0008"/>
    <enumeration value="0009"/>
    <enumeration value="0010"/>
    <enumeration value="0011"/>
    <enumeration value="0012"/>
    <enumeration value="0013"/>
    <enumeration value="0014"/>
    <enumeration value="0015"/>
    <enumeration value="0016"/>
    <enumeration value="0017"/>
    <enumeration value="0018"/>
    <enumeration value="0019"/>
    <enumeration value="0020"/>
    <enumeration value="0021"/>
    <enumeration value="0022"/>
    <enumeration value="0023"/>
    <enumeration value="0024"/>
    <enumeration value="0025"/>
    <enumeration value="0026"/>
    <enumeration value="0027"/>
    <enumeration value="0028"/>
    <enumeration value="0029"/>
    <enumeration value="0030"/>
    <enumeration value="0031"/>
    <enumeration value="0032"/>
    <enumeration value="0033"/>
    <enumeration value="0034"/>
    <enumeration value="0035"/>
    <enumeration value="0036"/>
    <enumeration value="0037"/>
    <enumeration value="0038"/>
    <enumeration value="0039"/>
    <enumeration value="0040"/>
    <enumeration value="0041"/>
    <enumeration value="0042"/>
    <enumeration value="0043"/>
    <enumeration value="0044"/>
    <enumeration value="0045"/>
    <enumeration value="0046"/>
    <enumeration value="0047"/>
    <enumeration value="0048"/>
    <enumeration value="0049"/>
    <enumeration value="0050"/>
    <enumeration value="0051"/>
    <enumeration value="0052"/>
    <enumeration value="0053"/>
    <enumeration value="0054"/>
    <enumeration value="0055"/>
    <enumeration value="0056"/>
    <enumeration value="0057"/>
    <enumeration value="0058"/>
    <enumeration value="0059"/>
    <enumeration value="0060"/>
    <enumeration value="0061"/>
    <enumeration value="0062"/>
    <enumeration value="0063"/>
    <enumeration value="0064"/>
    <enumeration value="0065"/>
    <enumeration value="0066"/>
    <enumeration value="0067"/>
    <enumeration value="0068"/>
    <enumeration value="0069"/>
    <enumeration value="0070"/>
    <enumeration value="0071"/>
    <enumeration value="0072"/>
    <enumeration value="0073"/>
    <enumeration value="0074"/>
    <enumeration value="0075"/>
    <enumeration value="0076"/>
    <enumeration value="0077"/>
    <enumeration value="0078"/>
    <enumeration value="0079"/>
    <enumeration value="0080"/>
    <enumeration value="0081"/>
    <enumeration value="0082"/>
    <enumeration value="0083"/>
    <enumeration value="0084"/>
    <enumeration value="0085"/>
    <enumeration value="0086"/>
    <enumeration value="0087"/>
    <enumeration value="0088"/>
    <enumeration value="0089"/>
    <enumeration value="0090"/>
    <enumeration value="0091"/>
    <enumeration value="0093"/>
    <enumeration value="0094"/>
    <enumeration value="0095"/>
    <enumeration value="0096"/>
    <enumeration value="0097"/>
    <enumeration value="0098"/>
    <enumeration value="0099"/>
    <enumeration value="0100"/>
    <enumeration value="0101"/>
    <enumeration value="0102"/>
    <enumeration value="0104"/>
    <enumeration value="0105"/>
    <enumeration value="0106"/>
    <enumeration value="0107"/>
    <enumeration value="0108"/>
    <enumeration value="0109"/>
    <enumeration value="0110"/>
    <enumeration value="0111"/>
    <enumeration value="0112"/>
    <enumeration value="0113"/>
    <enumeration value="0114"/>
    <enumeration value="0115"/>
    <enumeration value="0116"/>
    <enumeration value="0117"/>
    <enumeration value="0118"/>
    <enumeration value="0119"/>
    <enumeration value="0120"/>
    <enumeration value="0121"/>
    <enumeration value="0122"/>
    <enumeration value="0123"/>
    <enumeration value="0124"/>
    <enumeration value="0125"/>
    <enumeration value="0126"/>
    <enumeration value="0127"/>
    <enumeration value="0128"/>
    <enumeration value="0129"/>
    <enumeration value="0130"/>
    <enumeration value="0131"/>
    <enumeration value="0132"/>
    <enumeration value="0133"/>
    <enumeration value="0134"/>
    <enumeration value="0135"/>
    <enumeration value="0136"/>
    <enumeration value="0137"/>
    <enumeration value="0138"/>
    <enumeration value="0139"/>
    <enumeration value="0140"/>
    <enumeration value="0141"/>
    <enumeration value="0142"/>
    <enumeration value="0143"/>
    <enumeration value="0144"/>
    <enumeration value="0145"/>
    <enumeration value="0146"/>
    <enumeration value="0147"/>
    <enumeration value="0148"/>
    <enumeration value="0149"/>
    <enumeration value="0150"/>
    <enumeration value="0151"/>
    <enumeration value="0152"/>
    <enumeration value="0153"/>
    <enumeration value="0154"/>
    <enumeration value="0155"/>
    <enumeration value="0156"/>
    <enumeration value="0157"/>
    <enumeration value="0158"/>
    <enumeration value="0159"/>
    <enumeration value="0160"/>
    <enumeration value="0161"/>
    <enumeration value="0162"/>
    <enumeration value="0163"/>
    <enumeration value="0164"/>
    <enumeration value="0165"/>
    <enumeration value="0166"/>
    <enumeration value="0167"/>
    <enumeration value="0168"/>
    <enumeration value="0169"/>
    <enumeration value="0170"/>
    <enumeration value="0171"/>
    <enumeration value="0172"/>
    <enumeration value="0173"/>
    <enumeration value="0174"/>
    <enumeration value="0175"/>
    <enumeration value="0176"/>
    <enumeration value="0177"/>
    <enumeration value="0178"/>
    <enumeration value="0179"/>
    <enumeration value="0180"/>
    <enumeration value="0183"/>
    <enumeration value="0184"/>
    <enumeration value="0185"/>
    <enumeration value="0186"/>
    <enumeration value="0187"/>
    <enumeration value="0188"/>
    <enumeration value="0189"/>
    <enumeration value="0190"/>
    <enumeration value="0191"/>
    <enumeration value="0192"/>
    <enumeration value="0193"/>
    <enumeration value="0194"/>
    <enumeration value="0195"/>
    <enumeration value="0196"/>
    <enumeration value="0197"/>
    <enumeration value="0198"/>
    <enumeration value="0199"/>
    <enumeration value="0200"/>
    <enumeration value="0201"/>
    <enumeration value="0202"/>
  </cl>
  <cl id="5">
    <enumeration value="0002"/>
    <enumeration value="0003"/>
    <enumeration value="0004"/>
    <enumeration value="0005"/>
    <enumeration value="0006"/>
    <enumeration value="0007"/>
    <enumeration value="0008"/>
    <enumeration value="0009"/>
    <enumeration value="0010"/>
    <enumeration value="0011"/>
    <enumeration value="0012"/>
    <enumeration value="0013"/>
    <enumeration value="0014"/>
    <enumeration value="0015"/>
    <enumeration value="0016"/>
    <enumeration value="0017"/>
    <enumeration value="0018"/>
    <enumeration value="0019"/>
    <enumeration value="0020"/>
    <enumeration value="0021"/>
    <enumeration value="0022"/>
    <enumeration value="0023"/>
    <enumeration value="0024"/>
    <enumeration value="0025"/>
    <enumeration value="0026"/>
    <enumeration value="0027"/>
    <enumeration value="0028"/>
    <enumeration value="0029"/>
    <enumeration value="0030"/>
    <enumeration value="0031"/>
    <enumeration value="0032"/>
    <enumeration value="0033"/>
    <enumeration value="0034"/>
    <enumeration value="0035"/>
    <enumeration value="0036"/>
    <enumeration value="0037"/>
    <enumeration value="0038"/>
    <enumeration value="0039"/>
    <enumeration value="0040"/>
    <enumeration value="0041"/>
    <enumeration value="0042"/>
    <enumeration value="0043"/>
    <enumeration value="0044"/>
    <enumeration value="0045"/>
    <enumeration value="0046"/>
    <enumeration value="0047"/>
    <enumeration value="0048"/>
    <enumeration value="0049"/>
    <enumeration value="0050"/>
    <enumeration value="0051"/>
    <enumeration value="0052"/>
    <enumeration value="0053"/>
    <enumeration value="0054"/>
    <enumeration value="0055"/>
    <enumeration value="0056"/>
    <enumeration value="0057"/>
    <enumeration value="0058"/>
    <enumeration value="0059"/>
    <enumeration value="0060"/>
    <enumeration value="0061"/>
    <enumeration value="0062"/>
    <enumeration value="0063"/>
    <enumeration value="0064"/>
    <enumeration value="0065"/>
    <enumeration value="0066"/>
    <enumeration value="0067"/>
    <enumeration value="0068"/>
    <enumeration value="0069"/>
    <enumeration value="0070"/>
    <enumeration value="0071"/>
    <enumeration value="0072"/>
    <enumeration value="0073"/>
    <enumeration value="0074"/>
    <enumeration value="0075"/>
    <enumeration value="0076"/>
    <enumeration value="0077"/>
    <enumeration value="0078"/>
    <enumeration value="0079"/>
    <enumeration value="0080"/>
    <enumeration value="0081"/>
    <enumeration value="0082"/>
    <enumeration value="0083"/>
    <enumeration value="0084"/>
    <enumeration value="0085"/>
    <enumeration value="0086"/>
    <enumeration value="0087"/>
    <enumeration value="0088"/>
    <enumeration value="0089"/>
    <enumeration value="0090"/>
    <enumeration value="0091"/>
    <enumeration value="0093"/>
    <enumeration value="0094"/>
    <enumeration value="0095"/>
    <enumeration value="0096"/>
    <enumeration value="0097"/>
    <enumeration value="0098"/>
    <enumeration value="0099"/>
    <enumeration value="0100"/>
    <enumeration value="0101"/>
    <enumeration value="0102"/>
    <enumeration value="0104"/>
    <enumeration value="0105"/>
    <enumeration value="0106"/>
    <enumeration value="0107"/>
    <enumeration value="0108"/>
    <enumeration value="0109"/>
    <enumeration value="0110"/>
    <enumeration value="0111"/>
    <enumeration value="0112"/>
    <enumeration value="0113"/>
    <enumeration value="0114"/>
    <enumeration value="0115"/>
    <enumeration value="0116"/>
    <enumeration value="0117"/>
    <enumeration value="0118"/>
    <enumeration value="0119"/>
    <enumeration value="0120"/>
    <enumeration value="0121"/>
    <enumeration value="0122"/>
    <enumeration value="0123"/>
    <enumeration value="0124"/>
    <enumeration value="0125"/>
    <enumeration value="0126"/>
    <enumeration value="0127"/>
    <enumeration value="0128"/>
    <enumeration value="0129"/>
    <enumeration value="0130"/>
    <enumeration value="0131"/>
    <enumeration value="0132"/>
    <enumeration value="0133"/>
    <enumeration value="0134"/>
    <enumeration value="0135"/>
    <enumeration value="0136"/>
    <enumeration value="0137"/>
    <enumeration value="0138"/>
    <enumeration value="0139"/>
    <enumeration value="0140"/>
    <enumeration value="0141"/>
    <enumeration value="0142"/>
    <enumeration value="0143"/>
    <enumeration value="0144"/>
    <enumeration value="0145"/>
    <enumeration value="0146"/>
    <enumeration value="0147"/>
    <enumeration value="0148"/>
    <enumeration value="0149"/>
    <enumeration value="0150"/>
    <enumeration value="0151"/>
    <enumeration value="0152"/>
    <enumeration value="0153"/>
    <enumeration value="0154"/>
    <enumeration value="0155"/>
    <enumeration value="0156"/>
    <enumeration value="0157"/>
    <enumeration value="0158"/>
    <enumeration value="0159"/>
    <enumeration value="0160"/>
    <enumeration value="0161"/>
    <enumeration value="0162"/>
    <enumeration value="0163"/>
    <enumeration value="0164"/>
    <enumeration value="0165"/>
    <enumeration value="0166"/>
    <enumeration value="0167"/>
    <enumeration value="0168"/>
    <enumeration value="0169"/>
    <enumeration value="0170"/>
    <enumeration value="0171"/>
    <enumeration value="0172"/>
    <enumeration value="0173"/>
    <enumeration value="0174"/>
    <enumeration value="0175"/>
    <enumeration value="0176"/>
    <enumeration value="0177"/>
    <enumeration value="0178"/>
    <enumeration value="0179"/>
    <enumeration value="0180"/>
    <enumeration value="0183"/>
    <enumeration value="0184"/>
    <enumeration value="0185"/>
    <enumeration value="0186"/>
    <enumeration value="0187"/>
    <enumeration value="0188"/>
    <enumeration value="0189"/>
    <enumeration value="0190"/>
    <enumeration value="0191"/>
    <enumeration value="0192"/>
    <enumeration value="0193"/>
    <enumeration value="0194"/>
    <enumeration value="0195"/>
    <enumeration value="0196"/>
    <enumeration value="0197"/>
    <enumeration value="0198"/>
    <enumeration value="0199"/>
    <enumeration value="0200"/>
    <enumeration value="0201"/>
    <enumeration value="0202"/>
  </cl>
  <cl id="6">
    <enumeration value="2"/>
    <enumeration value="7"/>
    <enumeration value="9"/>
    <enumeration value="37"/>
    <enumeration value="60"/>
    <enumeration value="88"/>
    <enumeration value="96"/>
    <enumeration value="97"/>
    <enumeration value="106"/>
    <enumeration value="135"/>
    <enumeration value="142"/>
    <enumeration value="151"/>
    <enumeration value="184"/>
    <enumeration value="190"/>
    <enumeration value="191"/>
    <enumeration value="192"/>
    <enumeration value="193"/>
    <enumeration value="195"/>
    <enumeration value="196"/>
    <enumeration value="198"/>
    <enumeration value="199"/>
    <enumeration value="200"/>
    <enumeration value="0002"/>
    <enumeration value="0007"/>
    <enumeration value="0009"/>
    <enumeration value="0037"/>
    <enumeration value="0060"/>
    <enumeration value="0088"/>
    <enumeration value="0096"/>
    <enumeration value="0097"/>
    <enumeration value="0106"/>
    <enumeration value="0135"/>
    <enumeration value="0142"/>
    <enumeration value="0151"/>
    <enumeration value="0183"/>
    <enumeration value="0184"/>
    <enumeration value="0190"/>
    <enumeration value="0191"/>
    <enumeration value="0192"/>
    <enumeration value="0193"/>
    <enumeration value="0195"/>
    <enumeration value="0196"/>
    <enumeration value="0198"/>
    <enumeration value="0199"/>
    <enumeration value="0200"/>
    <enumeration value="0201"/>
    <enumeration value="0202"/>
    <enumeration value="9901"/>
    <enumeration value="9902"/>
    <enumeration value="9904"/>
    <enumeration value="9905"/>
    <enumeration value="9906"/>
    <enumeration value="9907"/>
    <enumeration value="9910"/>
    <enumeration value="9913"/>
    <enumeration value="9914"/>
    <enumeration value="9915"/>
    <enumeration value="9917"/>
    <enumeration value="9918"/>
    <enumeration value="9919"/>
    <enumeration value="9920"/>
    <enumeration value="9921"/>
    <enumeration value="9922"/>
    <enumeration value="9923"/>
    <enumeration value="9924"/>
    <enumeration value="9925"/>
    <enumeration value="9926"/>
    <enumeration value="9927"/>
    <enumeration value="9928"/>
    <enumeration value="9929"/>
    <enumeration value="9930"/>
    <enumeration value="9931"/>
    <enumeration value="9932"/>
    <enumeration value="9933"/>
    <enumeration value="9934"/>
    <enumeration value="9935"/>
    <enumeration value="9936"/>
    <enumeration value="9937"/>
    <enumeration value="9938"/>
    <enumeration value="9939"/>
    <enumeration value="9940"/>
    <enumeration value="9941"/>
    <enumeration value="9942"/>
    <enumeration value="9943"/>
    <enumeration value="9944"/>
    <enumeration value="9945"/>
    <enumeration value="9946"/>
    <enumeration value="9947"/>
    <enumeration value="9948"/>
    <enumeration value="9949"/>
    <enumeration value="9950"/>
    <enumeration value="9951"/>
    <enumeration value="9952"/>
    <enumeration value="9953"/>
    <enumeration value="9955"/>
    <enumeration value="9956"/>
    <enumeration value="9957"/>
    <enumeration value="9958"/>
    <enumeration value="AN"/>
    <enumeration value="AQ"/>
    <enumeration value="AS"/>
    <enumeration value="AU"/>
    <enumeration value="EM"/>
  </cl>
  <cl id="7">
    <enumeration value="FC"/>
    <enumeration value="VA"/>
  </cl>
  <cl id="8">
    <enumeration value="0002"/>
    <enumeration value="0003"/>
    <enumeration value="0004"/>
    <enumeration value="0005"/>
    <enumeration value="0006"/>
    <enumeration value="0007"/>
    <enumeration value="0008"/>
    <enumeration value="0009"/>
    <enumeration value="0010"/>
    <enumeration value="0011"/>
    <enumeration value="0012"/>
    <enumeration value="0013"/>
    <enumeration value="0014"/>
    <enumeration value="0015"/>
    <enumeration value="0016"/>
    <enumeration value="0017"/>
    <enumeration value="0018"/>
    <enumeration value="0019"/>
    <enumeration value="0020"/>
    <enumeration value="0021"/>
    <enumeration value="0022"/>
    <enumeration value="0023"/>
    <enumeration value="0024"/>
    <enumeration value="0025"/>
    <enumeration value="0026"/>
    <enumeration value="0027"/>
    <enumeration value="0028"/>
    <enumeration value="0029"/>
    <enumeration value="0030"/>
    <enumeration value="0031"/>
    <enumeration value="0032"/>
    <enumeration value="0033"/>
    <enumeration value="0034"/>
    <enumeration value="0035"/>
    <enumeration value="0036"/>
    <enumeration value="0037"/>
    <enumeration value="0038"/>
    <enumeration value="0039"/>
    <enumeration value="0040"/>
    <enumeration value="0041"/>
    <enumeration value="0042"/>
    <enumeration value="0043"/>
    <enumeration value="0044"/>
    <enumeration value="0045"/>
    <enumeration value="0046"/>
    <enumeration value="0047"/>
    <enumeration value="0048"/>
    <enumeration value="0049"/>
    <enumeration value="0050"/>
    <enumeration value="0051"/>
    <enumeration value="0052"/>
    <enumeration value="0053"/>
    <enumeration value="0054"/>
    <enumeration value="0055"/>
    <enumeration value="0056"/>
    <enumeration value="0057"/>
    <enumeration value="0058"/>
    <enumeration value="0059"/>
    <enumeration value="0060"/>
    <enumeration value="0061"/>
    <enumeration value="0062"/>
    <enumeration value="0063"/>
    <enumeration value="0064"/>
    <enumeration value="0065"/>
    <enumeration value="0066"/>
    <enumeration value="0067"/>
    <enumeration value="0068"/>
    <enumeration value="0069"/>
    <enumeration value="0070"/>
    <enumeration value="0071"/>
    <enumeration value="0072"/>
    <enumeration value="0073"/>
    <enumeration value="0074"/>
    <enumeration value="0075"/>
    <enumeration value="0076"/>
    <enumeration value="0077"/>
    <enumeration value="0078"/>
    <enumeration value="0079"/>
    <enumeration value="0080"/>
    <enumeration value="0081"/>
    <enumeration value="0082"/>
    <enumeration value="0083"/>
    <enumeration value="0084"/>
    <enumeration value="0085"/>
    <enumeration value="0086"/>
    <enumeration value="0087"/>
    <enumeration value="0088"/>
    <enumeration value="0089"/>
    <enumeration value="0090"/>
    <enumeration value="0091"/>
    <enumeration value="0093"/>
    <enumeration value="0094"/>
    <enumeration value="0095"/>
    <enumeration value="0096"/>
    <enumeration value="0097"/>
    <enumeration value="0098"/>
    <enumeration value="0099"/>
    <enumeration value="0100"/>
    <enumeration value="0101"/>
    <enumeration value="0102"/>
    <enumeration value="0104"/>
    <enumeration value="0105"/>
    <enumeration value="0106"/>
    <enumeration value="0107"/>
    <enumeration value="0108"/>
    <enumeration value="0109"/>
    <enumeration value="0110"/>
    <enumeration value="0111"/>
    <enumeration value="0112"/>
    <enumeration value="0113"/>
    <enumeration value="0114"/>
    <enumeration value="0115"/>
    <enumeration value="0116"/>
    <enumeration value="0117"/>
    <enumeration value="0118"/>
    <enumeration value="0119"/>
    <enumeration value="0120"/>
    <enumeration value="0121"/>
    <enumeration value="0122"/>
    <enumeration value="0123"/>
    <enumeration value="0124"/>
    <enumeration value="0125"/>
    <enumeration value="0126"/>
    <enumeration value="0127"/>
    <enumeration value="0128"/>
    <enumeration value="0129"/>
    <enumeration value="0130"/>
    <enumeration value="0131"/>
    <enumeration value="0132"/>
    <enumeration value="0133"/>
    <enumeration value="0134"/>
    <enumeration value="0135"/>
    <enumeration value="0136"/>
    <enumeration value="0137"/>
    <enumeration value="0138"/>
    <enumeration value="0139"/>
    <enumeration value="0140"/>
    <enumeration value="0141"/>
    <enumeration value="0142"/>
    <enumeration value="0143"/>
    <enumeration value="0144"/>
    <enumeration value="0145"/>
    <enumeration value="0146"/>
    <enumeration value="0147"/>
    <enumeration value="0148"/>
    <enumeration value="0149"/>
    <enumeration value="0150"/>
    <enumeration value="0151"/>
    <enumeration value="0152"/>
    <enumeration value="0153"/>
    <enumeration value="0154"/>
    <enumeration value="0155"/>
    <enumeration value="0156"/>
    <enumeration value="0157"/>
    <enumeration value="0158"/>
    <enumeration value="0159"/>
    <enumeration value="0160"/>
    <enumeration value="0161"/>
    <enumeration value="0162"/>
    <enumeration value="0163"/>
    <enumeration value="0164"/>
    <enumeration value="0165"/>
    <enumeration value="0166"/>
    <enumeration value="0167"/>
    <enumeration value="0168"/>
    <enumeration value="0169"/>
    <enumeration value="0170"/>
    <enumeration value="0171"/>
    <enumeration value="0172"/>
    <enumeration value="0173"/>
    <enumeration value="0174"/>
    <enumeration value="0175"/>
    <enumeration value="0176"/>
    <enumeration value="0177"/>
    <enumeration value="0178"/>
    <enumeration value="0179"/>
    <enumeration value="0180"/>
    <enumeration value="0183"/>
    <enumeration value="0184"/>
    <enumeration value="0185"/>
    <enumeration value="0186"/>
    <enumeration value="0187"/>
    <enumeration value="0188"/>
    <enumeration value="0189"/>
    <enumeration value="0190"/>
    <enumeration value="0191"/>
    <enumeration value="0192"/>
    <enumeration value="0193"/>
    <enumeration value="0194"/>
    <enumeration value="0195"/>
    <enumeration value="0196"/>
    <enumeration value="0197"/>
    <enumeration value="0198"/>
    <enumeration value="0199"/>
    <enumeration value="0200"/>
    <enumeration value="0201"/>
    <enumeration value="0202"/>
  </cl>
  <cl id="9">
    <enumeration value="0002"/>
    <enumeration value="0003"/>
    <enumeration value="0004"/>
    <enumeration value="0005"/>
    <enumeration value="0006"/>
    <enumeration value="0007"/>
    <enumeration value="0008"/>
    <enumeration value="0009"/>
    <enumeration value="0010"/>
    <enumeration value="0011"/>
    <enumeration value="0012"/>
    <enumeration value="0013"/>
    <enumeration value="0014"/>
    <enumeration value="0015"/>
    <enumeration value="0016"/>
    <enumeration value="0017"/>
    <enumeration value="0018"/>
    <enumeration value="0019"/>
    <enumeration value="0020"/>
    <enumeration value="0021"/>
    <enumeration value="0022"/>
    <enumeration value="0023"/>
    <enumeration value="0024"/>
    <enumeration value="0025"/>
    <enumeration value="0026"/>
    <enumeration value="0027"/>
    <enumeration value="0028"/>
    <enumeration value="0029"/>
    <enumeration value="0030"/>
    <enumeration value="0031"/>
    <enumeration value="0032"/>
    <enumeration value="0033"/>
    <enumeration value="0034"/>
    <enumeration value="0035"/>
    <enumeration value="0036"/>
    <enumeration value="0037"/>
    <enumeration value="0038"/>
    <enumeration value="0039"/>
    <enumeration value="0040"/>
    <enumeration value="0041"/>
    <enumeration value="0042"/>
    <enumeration value="0043"/>
    <enumeration value="0044"/>
    <enumeration value="0045"/>
    <enumeration value="0046"/>
    <enumeration value="0047"/>
    <enumeration value="0048"/>
    <enumeration value="0049"/>
    <enumeration value="0050"/>
    <enumeration value="0051"/>
    <enumeration value="0052"/>
    <enumeration value="0053"/>
    <enumeration value="0054"/>
    <enumeration value="0055"/>
    <enumeration value="0056"/>
    <enumeration value="0057"/>
    <enumeration value="0058"/>
    <enumeration value="0059"/>
    <enumeration value="0060"/>
    <enumeration value="0061"/>
    <enumeration value="0062"/>
    <enumeration value="0063"/>
    <enumeration value="0064"/>
    <enumeration value="0065"/>
    <enumeration value="0066"/>
    <enumeration value="0067"/>
    <enumeration value="0068"/>
    <enumeration value="0069"/>
    <enumeration value="0070"/>
    <enumeration value="0071"/>
    <enumeration value="0072"/>
    <enumeration value="0073"/>
    <enumeration value="0074"/>
    <enumeration value="0075"/>
    <enumeration value="0076"/>
    <enumeration value="0077"/>
    <enumeration value="0078"/>
    <enumeration value="0079"/>
    <enumeration value="0080"/>
    <enumeration value="0081"/>
    <enumeration value="0082"/>
    <enumeration value="0083"/>
    <enumeration value="0084"/>
    <enumeration value="0085"/>
    <enumeration value="0086"/>
    <enumeration value="0087"/>
    <enumeration value="0088"/>
    <enumeration value="0089"/>
    <enumeration value="0090"/>
    <enumeration value="0091"/>
    <enumeration value="0093"/>
    <enumeration value="0094"/>
    <enumeration value="0095"/>
    <enumeration value="0096"/>
    <enumeration value="0097"/>
    <enumeration value="0098"/>
    <enumeration value="0099"/>
    <enumeration value="0100"/>
    <enumeration value="0101"/>
    <enumeration value="0102"/>
    <enumeration value="0104"/>
    <enumeration value="0105"/>
    <enumeration value="0106"/>
    <enumeration value="0107"/>
    <enumeration value="0108"/>
    <enumeration value="0109"/>
    <enumeration value="0110"/>
    <enumeration value="0111"/>
    <enumeration value="0112"/>
    <enumeration value="0113"/>
    <enumeration value="0114"/>
    <enumeration value="0115"/>
    <enumeration value="0116"/>
    <enumeration value="0117"/>
    <enumeration value="0118"/>
    <enumeration value="0119"/>
    <enumeration value="0120"/>
    <enumeration value="0121"/>
    <enumeration value="0122"/>
    <enumeration value="0123"/>
    <enumeration value="0124"/>
    <enumeration value="0125"/>
    <enumeration value="0126"/>
    <enumeration value="0127"/>
    <enumeration value="0128"/>
    <enumeration value="0129"/>
    <enumeration value="0130"/>
    <enumeration value="0131"/>
    <enumeration value="0132"/>
    <enumeration value="0133"/>
    <enumeration value="0134"/>
    <enumeration value="0135"/>
    <enumeration value="0136"/>
    <enumeration value="0137"/>
    <enumeration value="0138"/>
    <enumeration value="0139"/>
    <enumeration value="0140"/>
    <enumeration value="0141"/>
    <enumeration value="0142"/>
    <enumeration value="0143"/>
    <enumeration value="0144"/>
    <enumeration value="0145"/>
    <enumeration value="0146"/>
    <enumeration value="0147"/>
    <enumeration value="0148"/>
    <enumeration value="0149"/>
    <enumeration value="0150"/>
    <enumeration value="0151"/>
    <enumeration value="0152"/>
    <enumeration value="0153"/>
    <enumeration value="0154"/>
    <enumeration value="0155"/>
    <enumeration value="0156"/>
    <enumeration value="0157"/>
    <enumeration value="0158"/>
    <enumeration value="0159"/>
    <enumeration value="0160"/>
    <enumeration value="0161"/>
    <enumeration value="0162"/>
    <enumeration value="0163"/>
    <enumeration value="0164"/>
    <enumeration value="0165"/>
    <enumeration value="0166"/>
    <enumeration value="0167"/>
    <enumeration value="0168"/>
    <enumeration value="0169"/>
    <enumeration value="0170"/>
    <enumeration value="0171"/>
    <enumeration value="0172"/>
    <enumeration value="0173"/>
    <enumeration value="0174"/>
    <enumeration value="0175"/>
    <enumeration value="0176"/>
    <enumeration value="0177"/>
    <enumeration value="0178"/>
    <enumeration value="0179"/>
    <enumeration value="0180"/>
    <enumeration value="0183"/>
    <enumeration value="0184"/>
    <enumeration value="0185"/>
    <enumeration value="0186"/>
    <enumeration value="0187"/>
    <enumeration value="0188"/>
    <enumeration value="0189"/>
    <enumeration value="0190"/>
    <enumeration value="0191"/>
    <enumeration value="0192"/>
    <enumeration value="0193"/>
    <enumeration value="0194"/>
    <enumeration value="0195"/>
    <enumeration value="0196"/>
    <enumeration value="0197"/>
    <enumeration value="0198"/>
    <enumeration value="0199"/>
    <enumeration value="0200"/>
    <enumeration value="0201"/>
    <enumeration value="0202"/>
  </cl>
  <cl id="10">
    <enumeration value="VA"/>
  </cl>
  <cl id="11">
    <enumeration value="VA"/>
  </cl>
  <cl id="12">
    <enumeration value="0002"/>
    <enumeration value="0003"/>
    <enumeration value="0004"/>
    <enumeration value="0005"/>
    <enumeration value="0006"/>
    <enumeration value="0007"/>
    <enumeration value="0008"/>
    <enumeration value="0009"/>
    <enumeration value="0010"/>
    <enumeration value="0011"/>
    <enumeration value="0012"/>
    <enumeration value="0013"/>
    <enumeration value="0014"/>
    <enumeration value="0015"/>
    <enumeration value="0016"/>
    <enumeration value="0017"/>
    <enumeration value="0018"/>
    <enumeration value="0019"/>
    <enumeration value="0020"/>
    <enumeration value="0021"/>
    <enumeration value="0022"/>
    <enumeration value="0023"/>
    <enumeration value="0024"/>
    <enumeration value="0025"/>
    <enumeration value="0026"/>
    <enumeration value="0027"/>
    <enumeration value="0028"/>
    <enumeration value="0029"/>
    <enumeration value="0030"/>
    <enumeration value="0031"/>
    <enumeration value="0032"/>
    <enumeration value="0033"/>
    <enumeration value="0034"/>
    <enumeration value="0035"/>
    <enumeration value="0036"/>
    <enumeration value="0037"/>
    <enumeration value="0038"/>
    <enumeration value="0039"/>
    <enumeration value="0040"/>
    <enumeration value="0041"/>
    <enumeration value="0042"/>
    <enumeration value="0043"/>
    <enumeration value="0044"/>
    <enumeration value="0045"/>
    <enumeration value="0046"/>
    <enumeration value="0047"/>
    <enumeration value="0048"/>
    <enumeration value="0049"/>
    <enumeration value="0050"/>
    <enumeration value="0051"/>
    <enumeration value="0052"/>
    <enumeration value="0053"/>
    <enumeration value="0054"/>
    <enumeration value="0055"/>
    <enumeration value="0056"/>
    <enumeration value="0057"/>
    <enumeration value="0058"/>
    <enumeration value="0059"/>
    <enumeration value="0060"/>
    <enumeration value="0061"/>
    <enumeration value="0062"/>
    <enumeration value="0063"/>
    <enumeration value="0064"/>
    <enumeration value="0065"/>
    <enumeration value="0066"/>
    <enumeration value="0067"/>
    <enumeration value="0068"/>
    <enumeration value="0069"/>
    <enumeration value="0070"/>
    <enumeration value="0071"/>
    <enumeration value="0072"/>
    <enumeration value="0073"/>
    <enumeration value="0074"/>
    <enumeration value="0075"/>
    <enumeration value="0076"/>
    <enumeration value="0077"/>
    <enumeration value="0078"/>
    <enumeration value="0079"/>
    <enumeration value="0080"/>
    <enumeration value="0081"/>
    <enumeration value="0082"/>
    <enumeration value="0083"/>
    <enumeration value="0084"/>
    <enumeration value="0085"/>
    <enumeration value="0086"/>
    <enumeration value="0087"/>
    <enumeration value="0088"/>
    <enumeration value="0089"/>
    <enumeration value="0090"/>
    <enumeration value="0091"/>
    <enumeration value="0093"/>
    <enumeration value="0094"/>
    <enumeration value="0095"/>
    <enumeration value="0096"/>
    <enumeration value="0097"/>
    <enumeration value="0098"/>
    <enumeration value="0099"/>
    <enumeration value="0100"/>
    <enumeration value="0101"/>
    <enumeration value="0102"/>
    <enumeration value="0104"/>
    <enumeration value="0105"/>
    <enumeration value="0106"/>
    <enumeration value="0107"/>
    <enumeration value="0108"/>
    <enumeration value="0109"/>
    <enumeration value="0110"/>
    <enumeration value="0111"/>
    <enumeration value="0112"/>
    <enumeration value="0113"/>
    <enumeration value="0114"/>
    <enumeration value="0115"/>
    <enumeration value="0116"/>
    <enumeration value="0117"/>
    <enumeration value="0118"/>
    <enumeration value="0119"/>
    <enumeration value="0120"/>
    <enumeration value="0121"/>
    <enumeration value="0122"/>
    <enumeration value="0123"/>
    <enumeration value="0124"/>
    <enumeration value="0125"/>
    <enumeration value="0126"/>
    <enumeration value="0127"/>
    <enumeration value="0128"/>
    <enumeration value="0129"/>
    <enumeration value="0130"/>
    <enumeration value="0131"/>
    <enumeration value="0132"/>
    <enumeration value="0133"/>
    <enumeration value="0134"/>
    <enumeration value="0135"/>
    <enumeration value="0136"/>
    <enumeration value="0137"/>
    <enumeration value="0138"/>
    <enumeration value="0139"/>
    <enumeration value="0140"/>
    <enumeration value="0141"/>
    <enumeration value="0142"/>
    <enumeration value="0143"/>
    <enumeration value="0144"/>
    <enumeration value="0145"/>
    <enumeration value="0146"/>
    <enumeration value="0147"/>
    <enumeration value="0148"/>
    <enumeration value="0149"/>
    <enumeration value="0150"/>
    <enumeration value="0151"/>
    <enumeration value="0152"/>
    <enumeration value="0153"/>
    <enumeration value="0154"/>
    <enumeration value="0155"/>
    <enumeration value="0156"/>
    <enumeration value="0157"/>
    <enumeration value="0158"/>
    <enumeration value="0159"/>
    <enumeration value="0160"/>
    <enumeration value="0161"/>
    <enumeration value="0162"/>
    <enumeration value="0163"/>
    <enumeration value="0164"/>
    <enumeration value="0165"/>
    <enumeration value="0166"/>
    <enumeration value="0167"/>
    <enumeration value="0168"/>
    <enumeration value="0169"/>
    <enumeration value="0170"/>
    <enumeration value="0171"/>
    <enumeration value="0172"/>
    <enumeration value="0173"/>
    <enumeration value="0174"/>
    <enumeration value="0175"/>
    <enumeration value="0176"/>
    <enumeration value="0177"/>
    <enumeration value="0178"/>
    <enumeration value="0179"/>
    <enumeration value="0180"/>
    <enumeration value="0183"/>
    <enumeration value="0184"/>
    <enumeration value="0185"/>
    <enumeration value="0186"/>
    <enumeration value="0187"/>
    <enumeration value="0188"/>
    <enumeration value="0189"/>
    <enumeration value="0190"/>
    <enumeration value="0191"/>
    <enumeration value="0192"/>
    <enumeration value="0193"/>
    <enumeration value="0194"/>
    <enumeration value="0195"/>
    <enumeration value="0196"/>
    <enumeration value="0197"/>
    <enumeration value="0198"/>
    <enumeration value="0199"/>
    <enumeration value="0200"/>
    <enumeration value="0201"/>
    <enumeration value="0202"/>
  </cl>
  <cl id="13">
    <enumeration value="0002"/>
    <enumeration value="0003"/>
    <enumeration value="0004"/>
    <enumeration value="0005"/>
    <enumeration value="0006"/>
    <enumeration value="0007"/>
    <enumeration value="0008"/>
    <enumeration value="0009"/>
    <enumeration value="0010"/>
    <enumeration value="0011"/>
    <enumeration value="0012"/>
    <enumeration value="0013"/>
    <enumeration value="0014"/>
    <enumeration value="0015"/>
    <enumeration value="0016"/>
    <enumeration value="0017"/>
    <enumeration value="0018"/>
    <enumeration value="0019"/>
    <enumeration value="0020"/>
    <enumeration value="0021"/>
    <enumeration value="0022"/>
    <enumeration value="0023"/>
    <enumeration value="0024"/>
    <enumeration value="0025"/>
    <enumeration value="0026"/>
    <enumeration value="0027"/>
    <enumeration value="0028"/>
    <enumeration value="0029"/>
    <enumeration value="0030"/>
    <enumeration value="0031"/>
    <enumeration value="0032"/>
    <enumeration value="0033"/>
    <enumeration value="0034"/>
    <enumeration value="0035"/>
    <enumeration value="0036"/>
    <enumeration value="0037"/>
    <enumeration value="0038"/>
    <enumeration value="0039"/>
    <enumeration value="0040"/>
    <enumeration value="0041"/>
    <enumeration value="0042"/>
    <enumeration value="0043"/>
    <enumeration value="0044"/>
    <enumeration value="0045"/>
    <enumeration value="0046"/>
    <enumeration value="0047"/>
    <enumeration value="0048"/>
    <enumeration value="0049"/>
    <enumeration value="0050"/>
    <enumeration value="0051"/>
    <enumeration value="0052"/>
    <enumeration value="0053"/>
    <enumeration value="0054"/>
    <enumeration value="0055"/>
    <enumeration value="0056"/>
    <enumeration value="0057"/>
    <enumeration value="0058"/>
    <enumeration value="0059"/>
    <enumeration value="0060"/>
    <enumeration value="0061"/>
    <enumeration value="0062"/>
    <enumeration value="0063"/>
    <enumeration value="0064"/>
    <enumeration value="0065"/>
    <enumeration value="0066"/>
    <enumeration value="0067"/>
    <enumeration value="0068"/>
    <enumeration value="0069"/>
    <enumeration value="0070"/>
    <enumeration value="0071"/>
    <enumeration value="0072"/>
    <enumeration value="0073"/>
    <enumeration value="0074"/>
    <enumeration value="0075"/>
    <enumeration value="0076"/>
    <enumeration value="0077"/>
    <enumeration value="0078"/>
    <enumeration value="0079"/>
    <enumeration value="0080"/>
    <enumeration value="0081"/>
    <enumeration value="0082"/>
    <enumeration value="0083"/>
    <enumeration value="0084"/>
    <enumeration value="0085"/>
    <enumeration value="0086"/>
    <enumeration value="0087"/>
    <enumeration value="0088"/>
    <enumeration value="0089"/>
    <enumeration value="0090"/>
    <enumeration value="0091"/>
    <enumeration value="0093"/>
    <enumeration value="0094"/>
    <enumeration value="0095"/>
    <enumeration value="0096"/>
    <enumeration value="0097"/>
    <enumeration value="0098"/>
    <enumeration value="0099"/>
    <enumeration value="0100"/>
    <enumeration value="0101"/>
    <enumeration value="0102"/>
    <enumeration value="0104"/>
    <enumeration value="0105"/>
    <enumeration value="0106"/>
    <enumeration value="0107"/>
    <enumeration value="0108"/>
    <enumeration value="0109"/>
    <enumeration value="0110"/>
    <enumeration value="0111"/>
    <enumeration value="0112"/>
    <enumeration value="0113"/>
    <enumeration value="0114"/>
    <enumeration value="0115"/>
    <enumeration value="0116"/>
    <enumeration value="0117"/>
    <enumeration value="0118"/>
    <enumeration value="0119"/>
    <enumeration value="0120"/>
    <enumeration value="0121"/>
    <enumeration value="0122"/>
    <enumeration value="0123"/>
    <enumeration value="0124"/>
    <enumeration value="0125"/>
    <enumeration value="0126"/>
    <enumeration value="0127"/>
    <enumeration value="0128"/>
    <enumeration value="0129"/>
    <enumeration value="0130"/>
    <enumeration value="0131"/>
    <enumeration value="0132"/>
    <enumeration value="0133"/>
    <enumeration value="0134"/>
    <enumeration value="0135"/>
    <enumeration value="0136"/>
    <enumeration value="0137"/>
    <enumeration value="0138"/>
    <enumeration value="0139"/>
    <enumeration value="0140"/>
    <enumeration value="0141"/>
    <enumeration value="0142"/>
    <enumeration value="0143"/>
    <enumeration value="0144"/>
    <enumeration value="0145"/>
    <enumeration value="0146"/>
    <enumeration value="0147"/>
    <enumeration value="0148"/>
    <enumeration value="0149"/>
    <enumeration value="0150"/>
    <enumeration value="0151"/>
    <enumeration value="0152"/>
    <enumeration value="0153"/>
    <enumeration value="0154"/>
    <enumeration value="0155"/>
    <enumeration value="0156"/>
    <enumeration value="0157"/>
    <enumeration value="0158"/>
    <enumeration value="0159"/>
    <enumeration value="0160"/>
    <enumeration value="0161"/>
    <enumeration value="0162"/>
    <enumeration value="0163"/>
    <enumeration value="0164"/>
    <enumeration value="0165"/>
    <enumeration value="0166"/>
    <enumeration value="0167"/>
    <enumeration value="0168"/>
    <enumeration value="0169"/>
    <enumeration value="0170"/>
    <enumeration value="0171"/>
    <enumeration value="0172"/>
    <enumeration value="0173"/>
    <enumeration value="0174"/>
    <enumeration value="0175"/>
    <enumeration value="0176"/>
    <enumeration value="0177"/>
    <enumeration value="0178"/>
    <enumeration value="0179"/>
    <enumeration value="0180"/>
    <enumeration value="0183"/>
    <enumeration value="0184"/>
    <enumeration value="0185"/>
    <enumeration value="0186"/>
    <enumeration value="0187"/>
    <enumeration value="0188"/>
    <enumeration value="0189"/>
    <enumeration value="0190"/>
    <enumeration value="0191"/>
    <enumeration value="0192"/>
    <enumeration value="0193"/>
    <enumeration value="0194"/>
    <enumeration value="0195"/>
    <enumeration value="0196"/>
    <enumeration value="0197"/>
    <enumeration value="0198"/>
    <enumeration value="0199"/>
    <enumeration value="0200"/>
    <enumeration value="0201"/>
    <enumeration value="0202"/>
  </cl>
  <cl id="14">
    <enumeration value="0002"/>
    <enumeration value="0003"/>
    <enumeration value="0004"/>
    <enumeration value="0005"/>
    <enumeration value="0006"/>
    <enumeration value="0007"/>
    <enumeration value="0008"/>
    <enumeration value="0009"/>
    <enumeration value="0010"/>
    <enumeration value="0011"/>
    <enumeration value="0012"/>
    <enumeration value="0013"/>
    <enumeration value="0014"/>
    <enumeration value="0015"/>
    <enumeration value="0016"/>
    <enumeration value="0017"/>
    <enumeration value="0018"/>
    <enumeration value="0019"/>
    <enumeration value="0020"/>
    <enumeration value="0021"/>
    <enumeration value="0022"/>
    <enumeration value="0023"/>
    <enumeration value="0024"/>
    <enumeration value="0025"/>
    <enumeration value="0026"/>
    <enumeration value="0027"/>
    <enumeration value="0028"/>
    <enumeration value="0029"/>
    <enumeration value="0030"/>
    <enumeration value="0031"/>
    <enumeration value="0032"/>
    <enumeration value="0033"/>
    <enumeration value="0034"/>
    <enumeration value="0035"/>
    <enumeration value="0036"/>
    <enumeration value="0037"/>
    <enumeration value="0038"/>
    <enumeration value="0039"/>
    <enumeration value="0040"/>
    <enumeration value="0041"/>
    <enumeration value="0042"/>
    <enumeration value="0043"/>
    <enumeration value="0044"/>
    <enumeration value="0045"/>
    <enumeration value="0046"/>
    <enumeration value="0047"/>
    <enumeration value="0048"/>
    <enumeration value="0049"/>
    <enumeration value="0050"/>
    <enumeration value="0051"/>
    <enumeration value="0052"/>
    <enumeration value="0053"/>
    <enumeration value="0054"/>
    <enumeration value="0055"/>
    <enumeration value="0056"/>
    <enumeration value="0057"/>
    <enumeration value="0058"/>
    <enumeration value="0059"/>
    <enumeration value="0060"/>
    <enumeration value="0061"/>
    <enumeration value="0062"/>
    <enumeration value="0063"/>
    <enumeration value="0064"/>
    <enumeration value="0065"/>
    <enumeration value="0066"/>
    <enumeration value="0067"/>
    <enumeration value="0068"/>
    <enumeration value="0069"/>
    <enumeration value="0070"/>
    <enumeration value="0071"/>
    <enumeration value="0072"/>
    <enumeration value="0073"/>
    <enumeration value="0074"/>
    <enumeration value="0075"/>
    <enumeration value="0076"/>
    <enumeration value="0077"/>
    <enumeration value="0078"/>
    <enumeration value="0079"/>
    <enumeration value="0080"/>
    <enumeration value="0081"/>
    <enumeration value="0082"/>
    <enumeration value="0083"/>
    <enumeration value="0084"/>
    <enumeration value="0085"/>
    <enumeration value="0086"/>
    <enumeration value="0087"/>
    <enumeration value="0088"/>
    <enumeration value="0089"/>
    <enumeration value="0090"/>
    <enumeration value="0091"/>
    <enumeration value="0093"/>
    <enumeration value="0094"/>
    <enumeration value="0095"/>
    <enumeration value="0096"/>
    <enumeration value="0097"/>
    <enumeration value="0098"/>
    <enumeration value="0099"/>
    <enumeration value="0100"/>
    <enumeration value="0101"/>
    <enumeration value="0102"/>
    <enumeration value="0104"/>
    <enumeration value="0105"/>
    <enumeration value="0106"/>
    <enumeration value="0107"/>
    <enumeration value="0108"/>
    <enumeration value="0109"/>
    <enumeration value="0110"/>
    <enumeration value="0111"/>
    <enumeration value="0112"/>
    <enumeration value="0113"/>
    <enumeration value="0114"/>
    <enumeration value="0115"/>
    <enumeration value="0116"/>
    <enumeration value="0117"/>
    <enumeration value="0118"/>
    <enumeration value="0119"/>
    <enumeration value="0120"/>
    <enumeration value="0121"/>
    <enumeration value="0122"/>
    <enumeration value="0123"/>
    <enumeration value="0124"/>
    <enumeration value="0125"/>
    <enumeration value="0126"/>
    <enumeration value="0127"/>
    <enumeration value="0128"/>
    <enumeration value="0129"/>
    <enumeration value="0130"/>
    <enumeration value="0131"/>
    <enumeration value="0132"/>
    <enumeration value="0133"/>
    <enumeration value="0134"/>
    <enumeration value="0135"/>
    <enumeration value="0136"/>
    <enumeration value="0137"/>
    <enumeration value="0138"/>
    <enumeration value="0139"/>
    <enumeration value="0140"/>
    <enumeration value="0141"/>
    <enumeration value="0142"/>
    <enumeration value="0143"/>
    <enumeration value="0144"/>
    <enumeration value="0145"/>
    <enumeration value="0146"/>
    <enumeration value="0147"/>
    <enumeration value="0148"/>
    <enumeration value="0149"/>
    <enumeration value="0150"/>
    <enumeration value="0151"/>
    <enumeration value="0152"/>
    <enumeration value="0153"/>
    <enumeration value="0154"/>
    <enumeration value="0155"/>
    <enumeration value="0156"/>
    <enumeration value="0157"/>
    <enumeration value="0158"/>
    <enumeration value="0159"/>
    <enumeration value="0160"/>
    <enumeration value="0161"/>
    <enumeration value="0162"/>
    <enumeration value="0163"/>
    <enumeration value="0164"/>
    <enumeration value="0165"/>
    <enumeration value="0166"/>
    <enumeration value="0167"/>
    <enumeration value="0168"/>
    <enumeration value="0169"/>
    <enumeration value="0170"/>
    <enumeration value="0171"/>
    <enumeration value="0172"/>
    <enumeration value="0173"/>
    <enumeration value="0174"/>
    <enumeration value="0175"/>
    <enumeration value="0176"/>
    <enumeration value="0177"/>
    <enumeration value="0178"/>
    <enumeration value="0179"/>
    <enumeration value="0180"/>
    <enumeration value="0183"/>
    <enumeration value="0184"/>
    <enumeration value="0185"/>
    <enumeration value="0186"/>
    <enumeration value="0187"/>
    <enumeration value="0188"/>
    <enumeration value="0189"/>
    <enumeration value="0190"/>
    <enumeration value="0191"/>
    <enumeration value="0192"/>
    <enumeration value="0193"/>
    <enumeration value="0194"/>
    <enumeration value="0195"/>
    <enumeration value="0196"/>
    <enumeration value="0197"/>
    <enumeration value="0198"/>
    <enumeration value="0199"/>
    <enumeration value="0200"/>
    <enumeration value="0201"/>
    <enumeration value="0202"/>
  </cl>
  <cl id="15">
    <enumeration value="VAT"/>
  </cl>
  <cl id="16">
    <enumeration value="AE"/>
    <enumeration value="E"/>
    <enumeration value="G"/>
    <enumeration value="K"/>
    <enumeration value="L"/>
    <enumeration value="M"/>
    <enumeration value="O"/>
    <enumeration value="S"/>
    <enumeration value="Z"/>
  </cl>
  <cl id="17">
    <enumeration value="vatex-eu-132-1a"/>
    <enumeration value="vatex-eu-132-1b"/>
    <enumeration value="vatex-eu-132-1c"/>
    <enumeration value="vatex-eu-132-1d"/>
    <enumeration value="vatex-eu-132-1e"/>
    <enumeration value="vatex-eu-132-1f"/>
    <enumeration value="vatex-eu-132-1g"/>
    <enumeration value="vatex-eu-132-1h"/>
    <enumeration value="vatex-eu-132-1i"/>
    <enumeration value="vatex-eu-132-1j"/>
    <enumeration value="vatex-eu-132-1k"/>
    <enumeration value="vatex-eu-132-1l"/>
    <enumeration value="vatex-eu-132-1m"/>
    <enumeration value="vatex-eu-132-1n"/>
    <enumeration value="vatex-eu-132-1o"/>
    <enumeration value="vatex-eu-132-1p"/>
    <enumeration value="vatex-eu-132-1q"/>
    <enumeration value="vatex-eu-143-1a"/>
    <enumeration value="vatex-eu-143-1b"/>
    <enumeration value="vatex-eu-143-1c"/>
    <enumeration value="vatex-eu-143-1d"/>
    <enumeration value="vatex-eu-143-1e"/>
    <enumeration value="vatex-eu-143-1f"/>
    <enumeration value="vatex-eu-143-1fa"/>
    <enumeration value="vatex-eu-143-1g"/>
    <enumeration value="vatex-eu-143-1h"/>
    <enumeration value="vatex-eu-143-1i"/>
    <enumeration value="vatex-eu-143-1j"/>
    <enumeration value="vatex-eu-143-1k"/>
    <enumeration value="vatex-eu-143-1l"/>
    <enumeration value="vatex-eu-148-a"/>
    <enumeration value="vatex-eu-148-b"/>
    <enumeration value="vatex-eu-148-c"/>
    <enumeration value="vatex-eu-148-d"/>
    <enumeration value="vatex-eu-148-e"/>
    <enumeration value="vatex-eu-148-f"/>
    <enumeration value="vatex-eu-148-g"/>
    <enumeration value="vatex-eu-151-1a"/>
    <enumeration value="vatex-eu-151-1aa"/>
    <enumeration value="vatex-eu-151-1b"/>
    <enumeration value="vatex-eu-151-1c"/>
    <enumeration value="vatex-eu-151-1d"/>
    <enumeration value="vatex-eu-151-1e"/>
    <enumeration value="vatex-eu-309"/>
    <enumeration value="vatex-eu-ae"/>
    <enumeration value="vatex-eu-d"/>
    <enumeration value="vatex-eu-f"/>
    <enumeration value="vatex-eu-g"/>
    <enumeration value="vatex-eu-i"/>
    <enumeration value="vatex-eu-ic"/>
    <enumeration value="vatex-eu-j"/>
    <enumeration value="vatex-eu-o"/>
  </cl>
  <cl id="18">
    <enumeration value="VAT"/>
  </cl>
  <cl id="19">
    <enumeration value="AE"/>
    <enumeration value="E"/>
    <enumeration value="G"/>
    <enumeration value="K"/>
    <enumeration value="L"/>
    <enumeration value="M"/>
    <enumeration value="O"/>
    <enumeration value="S"/>
    <enumeration value="Z"/>
  </cl>
  <cl id="20">
    <enumeration value="AED"/>
    <enumeration value="AFN"/>
    <enumeration value="ALL"/>
    <enumeration value="AMD"/>
    <enumeration value="ANG"/>
    <enumeration value="AOA"/>
    <enumeration value="ARS"/>
    <enumeration value="AUD"/>
    <enumeration value="AWG"/>
    <enumeration value="AZN"/>
    <enumeration value="BAM"/>
    <enumeration value="BBD"/>
    <enumeration value="BDT"/>
    <enumeration value="BGN"/>
    <enumeration value="BHD"/>
    <enumeration value="BIF"/>
    <enumeration value="BMD"/>
    <enumeration value="BND"/>
    <enumeration value="BOB"/>
    <enumeration value="BOV"/>
    <enumeration value="BRL"/>
    <enumeration value="BSD"/>
    <enumeration value="BTN"/>
    <enumeration value="BWP"/>
    <enumeration value="BYN"/>
    <enumeration value="BZD"/>
    <enumeration value="CAD"/>
    <enumeration value="CDF"/>
    <enumeration value="CHE"/>
    <enumeration value="CHF"/>
    <enumeration value="CHW"/>
    <enumeration value="CLF"/>
    <enumeration value="CLP"/>
    <enumeration value="CNY"/>
    <enumeration value="COP"/>
    <enumeration value="COU"/>
    <enumeration value="CRC"/>
    <enumeration value="CUC"/>
    <enumeration value="CUP"/>
    <enumeration value="CVE"/>
    <enumeration value="CZK"/>
    <enumeration value="DJF"/>
    <enumeration value="DKK"/>
    <enumeration value="DOP"/>
    <enumeration value="DZD"/>
    <enumeration value="EGP"/>
    <enumeration value="ERN"/>
    <enumeration value="ETB"/>
    <enumeration value="EUR"/>
    <enumeration value="FJD"/>
    <enumeration value="FKP"/>
    <enumeration value="GBP"/>
    <enumeration value="GEL"/>
    <enumeration value="GHS"/>
    <enumeration value="GIP"/>
    <enumeration value="GMD"/>
    <enumeration value="GNF"/>
    <enumeration value="GTQ"/>
    <enumeration value="GYD"/>
    <enumeration value="HKD"/>
    <enumeration value="HNL"/>
    <enumeration value="HRK"/>
    <enumeration value="HTG"/>
    <enumeration value="HUF"/>
    <enumeration value="IDR"/>
    <enumeration value="ILS"/>
    <enumeration value="INR"/>
    <enumeration value="IQD"/>
    <enumeration value="IRR"/>
    <enumeration value="ISK"/>
    <enumeration value="JMD"/>
    <enumeration value="JOD"/>
    <enumeration value="JPY"/>
    <enumeration value="KES"/>
    <enumeration value="KGS"/>
    <enumeration value="KHR"/>
    <enumeration value="KMF"/>
    <enumeration value="KPW"/>
    <enumeration value="KRW"/>
    <enumeration value="KWD"/>
    <enumeration value="KYD"/>
    <enumeration value="KZT"/>
    <enumeration value="LAK"/>
    <enumeration value="LBP"/>
    <enumeration value="LKR"/>
    <enumeration value="LRD"/>
    <enumeration value="LSL"/>
    <enumeration value="LYD"/>
    <enumeration value="MAD"/>
    <enumeration value="MDL"/>
    <enumeration value="MGA"/>
    <enumeration value="MKD"/>
    <enumeration value="MMK"/>
    <enumeration value="MNT"/>
    <enumeration value="MOP"/>
    <enumeration value="MRO"/>
    <enumeration value="MUR"/>
    <enumeration value="MVR"/>
    <enumeration value="MWK"/>
    <enumeration value="MXN"/>
    <enumeration value="MXV"/>
    <enumeration value="MYR"/>
    <enumeration value="MZN"/>
    <enumeration value="NAD"/>
    <enumeration value="NGN"/>
    <enumeration value="NIO"/>
    <enumeration value="NOK"/>
    <enumeration value="NPR"/>
    <enumeration value="NZD"/>
    <enumeration value="OMR"/>
    <enumeration value="PAB"/>
    <enumeration value="PEN"/>
    <enumeration value="PGK"/>
    <enumeration value="PHP"/>
    <enumeration value="PKR"/>
    <enumeration value="PLN"/>
    <enumeration value="PYG"/>
    <enumeration value="QAR"/>
    <enumeration value="RON"/>
    <enumeration value="RSD"/>
    <enumeration value="RUB"/>
    <enumeration value="RWF"/>
    <enumeration value="SAR"/>
    <enumeration value="SBD"/>
    <enumeration value="SCR"/>
    <enumeration value="SDG"/>
    <enumeration value="SEK"/>
    <enumeration value="SGD"/>
    <enumeration value="SHP"/>
    <enumeration value="SLL"/>
    <enumeration value="SOS"/>
    <enumeration value="SRD"/>
    <enumeration value="SSP"/>
    <enumeration value="STD"/>
    <enumeration value="SVC"/>
    <enumeration value="SYP"/>
    <enumeration value="SZL"/>
    <enumeration value="THB"/>
    <enumeration value="TJS"/>
    <enumeration value="TMT"/>
    <enumeration value="TND"/>
    <enumeration value="TOP"/>
    <enumeration value="TRY"/>
    <enumeration value="TTD"/>
    <enumeration value="TWD"/>
    <enumeration value="TZS"/>
    <enumeration value="UAH"/>
    <enumeration value="UGX"/>
    <enumeration value="USD"/>
    <enumeration value="USN"/>
    <enumeration value="UYI"/>
    <enumeration value="UYU"/>
    <enumeration value="UZS"/>
    <enumeration value="VEF"/>
    <enumeration value="VND"/>
    <enumeration value="VUV"/>
    <enumeration value="WST"/>
    <enumeration value="XAF"/>
    <enumeration value="XAG"/>
    <enumeration value="XAU"/>
    <enumeration value="XBA"/>
    <enumeration value="XBB"/>
    <enumeration value="XBC"/>
    <enumeration value="XBD"/>
    <enumeration value="XCD"/>
    <enumeration value="XDR"/>
    <enumeration value="XOF"/>
    <enumeration value="XPD"/>
    <enumeration value="XPF"/>
    <enumeration value="XPT"/>
    <enumeration value="XSU"/>
    <enumeration value="XTS"/>
    <enumeration value="XUA"/>
    <enumeration value="XXX"/>
    <enumeration value="YER"/>
    <enumeration value="ZAR"/>
    <enumeration value="ZMW"/>
    <enumeration value="ZWL"/>
  </cl>
  <cl id="21">
    <enumeration value="102"/>
  </cl>
</codedb>
