<?xml version="1.0" encoding="UTF-8"?>
<ubl:Invoice xmlns:ubl="urn:oasis:names:specification:ubl:schema:xsd:Invoice-2"
             xmlns:cac="urn:oasis:names:specification:ubl:schema:xsd:CommonAggregateComponents-2"
             xmlns:cbc="urn:oasis:names:specification:ubl:schema:xsd:CommonBasicComponents-2">
    <cbc:CustomizationID>urn:cen.eu:en16931:2017#compliant#urn:xoev-de:kosit:standard:xrechnung_2.3</cbc:CustomizationID>
    <cbc:ID>R1234567</cbc:ID>
    <cbc:IssueDate>2016-06-30</cbc:IssueDate>
    <cbc:DueDate>2016-08-14</cbc:DueDate>
    <cbc:InvoiceTypeCode>380</cbc:InvoiceTypeCode>
    <cbc:Note>#ADU#Bitte überweisen Sie den Gesamtbetrag in Höhe von EUR 45,22 auf unser Konto Nr. […], BIC […].</cbc:Note>
    <cbc:Note>#ADU#Bei Fragen steht Ihnen unsere Kundenbetreuung gern unter der Rufnummer [...] zur Verfügung. Beanstandungen am Inhalt dieser Rechnung sind uns innerhalb von 28 Tagen nach Erhalt der Rechnung schriftlich mitzuteilen. Nach Ablauf dieser Frist gilt der Saldo endgültig.</cbc:Note>
    <cbc:Note>#ADU#Die Deutsche Kreditwirtschaft hat die Händlerbedingungen für die Teilnahme am electronic cash-System angepasst. Sie finden diese unter https://www…./de/agb. Die neuen Händlerbedingungen gelten ab sofort, wobei Sie binnen sechs Wochen nach Bekanntgabe der Änderung einen Widerspruch an Ihre Hausbank richten können. Bitte klären Sie sämtliche Fragen diese Bedingungen betreffend mit Ihrer Hausbank.</cbc:Note>
    <cbc:DocumentCurrencyCode>EUR</cbc:DocumentCurrencyCode>
    <cbc:BuyerReference>99000000-05676-98</cbc:BuyerReference>
    <cac:InvoicePeriod>
        <cbc:StartDate>2016-06-01</cbc:StartDate>
        <cbc:EndDate>2016-06-30</cbc:EndDate>
    </cac:InvoicePeriod>
    <cac:AccountingSupplierParty>
        <cac:Party>
            <cac:PostalAddress>
                <cbc:StreetName>[Seller address line 1]</cbc:StreetName>
                <cbc:CityName>[Seller city]</cbc:CityName>
                <cbc:PostalZone>12345</cbc:PostalZone>
                <cac:Country>
                    <cbc:IdentificationCode>DE</cbc:IdentificationCode>
                </cac:Country>
            </cac:PostalAddress>
            <cac:PartyTaxScheme>
                <cbc:CompanyID>DE123456789</cbc:CompanyID>
                <cac:TaxScheme>
                    <cbc:ID>VAT</cbc:ID>
                </cac:TaxScheme>
            </cac:PartyTaxScheme>
            <cac:PartyLegalEntity>
                <cbc:RegistrationName>[Seller name]</cbc:RegistrationName>
            </cac:PartyLegalEntity>
            <cac:Contact>
                <cbc:Name>[Seller contact person]</cbc:Name>
                <cbc:Telephone>+49 (0)69…</cbc:Telephone>
                <cbc:ElectronicMail>seller@info.de</cbc:ElectronicMail>
            </cac:Contact>
        </cac:Party>
    </cac:AccountingSupplierParty>
    <cac:AccountingCustomerParty>
        <cac:Party>
            <cac:PartyIdentification>
                <cbc:ID>B123456789</cbc:ID>
            </cac:PartyIdentification>
            <cac:PostalAddress>
                <cbc:StreetName>[Buyer address line 1]</cbc:StreetName>
                <cbc:CityName>[Buyer city]</cbc:CityName>
                <cbc:PostalZone>12345</cbc:PostalZone>
                <cac:Country>
                    <cbc:IdentificationCode>DE</cbc:IdentificationCode>
                </cac:Country>
            </cac:PostalAddress>
            <cac:PartyTaxScheme>
                <cbc:CompanyID>DE123456789</cbc:CompanyID>
                <cac:TaxScheme>
                    <cbc:ID>VAT</cbc:ID>
                </cac:TaxScheme>
            </cac:PartyTaxScheme>
            <cac:PartyLegalEntity>
                <cbc:RegistrationName>[Buyer name]</cbc:RegistrationName>
            </cac:PartyLegalEntity>
            <cac:Contact>
                <cbc:Name>[Buyer contact person]</cbc:Name>
            </cac:Contact>
        </cac:Party>
    </cac:AccountingCustomerParty>
    <cac:PaymentMeans>
        <cbc:PaymentMeansCode>58</cbc:PaymentMeansCode>
        <cac:PayeeFinancialAccount>
            <cbc:ID>DE12500105170648489890</cbc:ID>
        </cac:PayeeFinancialAccount>
    </cac:PaymentMeans>
    <cac:PaymentTerms>
        <cbc:Note>Bis zum 14.08.2016 ohne Abzug</cbc:Note>
    </cac:PaymentTerms>
    <cac:TaxTotal>
        <cbc:TaxAmount currencyID="EUR">7.22</cbc:TaxAmount>
        <cac:TaxSubtotal>
            <cbc:TaxableAmount currencyID="EUR">38</cbc:TaxableAmount>
            <cbc:TaxAmount currencyID="EUR">7.22</cbc:TaxAmount>
            <cac:TaxCategory>
                <cbc:ID>S</cbc:ID>
                <cbc:Percent>19</cbc:Percent>
                <cac:TaxScheme>
                    <cbc:ID>VAT</cbc:ID>
                </cac:TaxScheme>
            </cac:TaxCategory>
        </cac:TaxSubtotal>
    </cac:TaxTotal>
    <cac:LegalMonetaryTotal>
        <cbc:LineExtensionAmount currencyID="EUR">38</cbc:LineExtensionAmount>
        <cbc:TaxExclusiveAmount currencyID="EUR">38</cbc:TaxExclusiveAmount>
        <cbc:TaxInclusiveAmount currencyID="EUR">45.22</cbc:TaxInclusiveAmount>
        <cbc:PayableAmount currencyID="EUR">45.22</cbc:PayableAmount>
    </cac:LegalMonetaryTotal>
    <cac:InvoiceLine>
        <cbc:ID>000040</cbc:ID>
        <cbc:InvoicedQuantity unitCode="MON">1</cbc:InvoicedQuantity>
        <cbc:LineExtensionAmount currencyID="EUR">38</cbc:LineExtensionAmount>
        <cac:InvoicePeriod>
            <cbc:StartDate>2016-06-01</cbc:StartDate>
            <cbc:EndDate>2016-06-30</cbc:EndDate>
        </cac:InvoicePeriod>
        <cac:Item>
            <cbc:Name>Miete X</cbc:Name>
            <cac:ClassifiedTaxCategory>
                <cbc:ID>S</cbc:ID>
                <cbc:Percent>19</cbc:Percent>
                <cac:TaxScheme>
                    <cbc:ID>VAT</cbc:ID>
                </cac:TaxScheme>
            </cac:ClassifiedTaxCategory>
        </cac:Item>
        <cac:Price>
            <cbc:PriceAmount currencyID="EUR">38</cbc:PriceAmount>
        </cac:Price>
    </cac:InvoiceLine>
</ubl:Invoice>
