<?xml version="1.0" encoding="UTF-8"?>
<rsm:CrossIndustryInvoice xmlns:rsm="urn:un:unece:uncefact:data:standard:CrossIndustryInvoice:100"
                          xmlns:ram="urn:un:unece:uncefact:data:standard:ReusableAggregateBusinessInformationEntity:100"
                          xmlns:qdt="urn:un:unece:uncefact:data:standard:QualifiedDataType:100"
                          xmlns:udt="urn:un:unece:uncefact:data:standard:UnqualifiedDataType:100">
    <rsm:ExchangedDocumentContext>
        <ram:GuidelineSpecifiedDocumentContextParameter>
            <ram:ID>urn:cen.eu:en16931:2017#compliant#urn:xoev-de:kosit:standard:xrechnung_2.3</ram:ID>
        </ram:GuidelineSpecifiedDocumentContextParameter>
    </rsm:ExchangedDocumentContext>
    <rsm:ExchangedDocument>
        <ram:ID>R1234567</ram:ID>
        <ram:TypeCode>380</ram:TypeCode>
        <ram:IssueDateTime>
            <udt:DateTimeString format="102">20160630</udt:DateTimeString>
        </ram:IssueDateTime>
        <ram:IncludedNote>
            <ram:Content>Bitte überweisen Sie den Gesamtbetrag in Höhe von EUR 45,22 auf unser Konto Nr. […], BIC […].</ram:Content>
            <ram:SubjectCode>ADU</ram:SubjectCode>
        </ram:IncludedNote>
        <ram:IncludedNote>
            <ram:Content>Bei Fragen steht Ihnen unsere Kundenbetreuung gern unter der Rufnummer [...] zur Verfügung. Beanstandungen am Inhalt dieser Rechnung sind uns innerhalb von 28 Tagen nach Erhalt der Rechnung schriftlich mitzuteilen. Nach Ablauf dieser Frist gilt der Saldo endgültig.</ram:Content>
            <ram:SubjectCode>ADU</ram:SubjectCode>
        </ram:IncludedNote>
        <ram:IncludedNote>
            <ram:Content>Die Deutsche Kreditwirtschaft hat die Händlerbedingungen für die Teilnahme am electronic cash-System angepasst. Sie finden diese unter https://www…./de/agb. Die neuen Händlerbedingungen gelten ab sofort, wobei Sie binnen sechs Wochen nach Bekanntgabe der Änderung einen Widerspruch an Ihre Hausbank richten können. Bitte klären Sie sämtliche Fragen diese Bedingungen betreffend mit Ihrer Hausbank.</ram:Content>
            <ram:SubjectCode>ADU</ram:SubjectCode>
        </ram:IncludedNote>
    </rsm:ExchangedDocument>
    <rsm:SupplyChainTradeTransaction>
        <ram:IncludedSupplyChainTradeLineItem>
            <ram:AssociatedDocumentLineDocument>
                <ram:LineID>000040</ram:LineID>
            </ram:AssociatedDocumentLineDocument>
            <ram:SpecifiedTradeProduct>
                <ram:Name>Miete X</ram:Name>
            </ram:SpecifiedTradeProduct>
            <ram:SpecifiedLineTradeAgreement>
                <ram:NetPriceProductTradePrice>
                    <ram:ChargeAmount>38</ram:ChargeAmount>
                </ram:NetPriceProductTradePrice>
            </ram:SpecifiedLineTradeAgreement>
            <ram:SpecifiedLineTradeDelivery>
                <ram:BilledQuantity unitCode="MON">1</ram:BilledQuantity>
            </ram:SpecifiedLineTradeDelivery>
            <ram:SpecifiedLineTradeSettlement>
                <ram:ApplicableTradeTax>
                    <ram:TypeCode>VAT</ram:TypeCode>
                    <ram:CategoryCode>S</ram:CategoryCode>
                    <ram:RateApplicablePercent>19</ram:RateApplicablePercent>
                </ram:ApplicableTradeTax>
                <ram:BillingSpecifiedPeriod>
                    <ram:StartDateTime>
                        <udt:DateTimeString format="102">20160601</udt:DateTimeString>
                    </ram:StartDateTime>
                    <ram:EndDateTime>
                        <udt:DateTimeString format="102">20160630</udt:DateTimeString>
                    </ram:EndDateTime>
                </ram:BillingSpecifiedPeriod>
                <ram:SpecifiedTradeSettlementLineMonetarySummation>
                    <ram:LineTotalAmount>38</ram:LineTotalAmount>
                </ram:SpecifiedTradeSettlementLineMonetarySummation>
            </ram:SpecifiedLineTradeSettlement>
        </ram:IncludedSupplyChainTradeLineItem>
        <ram:ApplicableHeaderTradeAgreement>
            <ram:BuyerReference>99000000-05676-98</ram:BuyerReference>
            <ram:SellerTradeParty>
                <ram:Name>[Seller name]</ram:Name>
                <ram:SpecifiedLegalOrganization/>
                <ram:DefinedTradeContact>
                    <ram:PersonName>[Seller contact person]</ram:PersonName>
                    <ram:TelephoneUniversalCommunication>
                        <ram:CompleteNumber>+49 (0)69…</ram:CompleteNumber>
                    </ram:TelephoneUniversalCommunication>
                    <ram:EmailURIUniversalCommunication>
                        <ram:URIID>seller@info.de</ram:URIID>
                    </ram:EmailURIUniversalCommunication>
                </ram:DefinedTradeContact>
                <ram:PostalTradeAddress>
                    <ram:PostcodeCode>12345</ram:PostcodeCode>
                    <ram:LineOne>[Seller address line 1]</ram:LineOne>
                    <ram:CityName>[Seller city]</ram:CityName>
                    <ram:CountryID>DE</ram:CountryID>
                </ram:PostalTradeAddress>
                <ram:SpecifiedTaxRegistration>
                    <ram:ID schemeID="VA">DE123456789</ram:ID>
                </ram:SpecifiedTaxRegistration>
            </ram:SellerTradeParty>
            <ram:BuyerTradeParty>
                <ram:ID>B123456789</ram:ID>
                <ram:Name>[Buyer name]</ram:Name>
                <ram:DefinedTradeContact>
                    <ram:PersonName>[Buyer contact person]</ram:PersonName>
                </ram:DefinedTradeContact>
                <ram:PostalTradeAddress>
                    <ram:PostcodeCode>12345</ram:PostcodeCode>
                    <ram:LineOne>[Buyer address line 1]</ram:LineOne>
                    <ram:CityName>[Buyer city]</ram:CityName>
                    <ram:CountryID>DE</ram:CountryID>
                </ram:PostalTradeAddress>
                <ram:SpecifiedTaxRegistration>
                    <ram:ID schemeID="VA">DE123456789</ram:ID>
                </ram:SpecifiedTaxRegistration>
            </ram:BuyerTradeParty>
        </ram:ApplicableHeaderTradeAgreement>
        <ram:ApplicableHeaderTradeDelivery/>
        <ram:ApplicableHeaderTradeSettlement>
            <ram:InvoiceCurrencyCode>EUR</ram:InvoiceCurrencyCode>
            <ram:SpecifiedTradeSettlementPaymentMeans>
                <ram:TypeCode>58</ram:TypeCode>
                <ram:PayeePartyCreditorFinancialAccount>
                    <!-- dies ist eine nicht existerende aber valide IBAN als test dummy -->
                    <ram:IBANID>DE12500105170648489890</ram:IBANID>
                </ram:PayeePartyCreditorFinancialAccount>
            </ram:SpecifiedTradeSettlementPaymentMeans>
            <ram:ApplicableTradeTax>
                <ram:CalculatedAmount>7.22</ram:CalculatedAmount>
                <ram:TypeCode>VAT</ram:TypeCode>
                <ram:BasisAmount>38</ram:BasisAmount>
                <ram:CategoryCode>S</ram:CategoryCode>
                <ram:RateApplicablePercent>19</ram:RateApplicablePercent>
            </ram:ApplicableTradeTax>
            <ram:BillingSpecifiedPeriod>
                <ram:StartDateTime>
                    <udt:DateTimeString format="102">20160601</udt:DateTimeString>
                </ram:StartDateTime>
                <ram:EndDateTime>
                    <udt:DateTimeString format="102">20160630</udt:DateTimeString>
                </ram:EndDateTime>
            </ram:BillingSpecifiedPeriod>
            <ram:SpecifiedTradePaymentTerms>
                <ram:Description>Bis zum 14.08.2016 ohne Abzug</ram:Description>
                <ram:DueDateDateTime>
                    <udt:DateTimeString format="102">20160814</udt:DateTimeString>
                </ram:DueDateDateTime>
            </ram:SpecifiedTradePaymentTerms>
            <ram:SpecifiedTradeSettlementHeaderMonetarySummation>
                <ram:LineTotalAmount>38</ram:LineTotalAmount>
                <ram:TaxBasisTotalAmount>38</ram:TaxBasisTotalAmount>
                <ram:TaxTotalAmount currencyID="EUR">7.22</ram:TaxTotalAmount>
                <ram:GrandTotalAmount>45.22</ram:GrandTotalAmount>
                <ram:DuePayableAmount>45.22</ram:DuePayableAmount>
            </ram:SpecifiedTradeSettlementHeaderMonetarySummation>
        </ram:ApplicableHeaderTradeSettlement>
    </rsm:SupplyChainTradeTransaction>
</rsm:CrossIndustryInvoice>
