<?xml version="1.0" encoding="UTF-8"?>
<ubl:Invoice xmlns:ubl="urn:oasis:names:specification:ubl:schema:xsd:Invoice-2"
             xmlns:cac="urn:oasis:names:specification:ubl:schema:xsd:CommonAggregateComponents-2"
             xmlns:cbc="urn:oasis:names:specification:ubl:schema:xsd:CommonBasicComponents-2">
   <cbc:CustomizationID>urn:cen.eu:en16931:2017#compliant#urn:xoev-de:kosit:standard:xrechnung_2.3</cbc:CustomizationID>
   <cbc:ID>112233</cbc:ID>
   <cbc:IssueDate>2021-04-23</cbc:IssueDate>
   <cbc:DueDate>2021-04-28</cbc:DueDate>
   <cbc:InvoiceTypeCode>380</cbc:InvoiceTypeCode>
   <cbc:Note>#ADU#Rechnung enthält 100 EUR (Umsatz)Steuer auf Altteile gem. Abschn. 10.5 Abs. 3 UStAE</cbc:Note>
   <cbc:DocumentCurrencyCode>EUR</cbc:DocumentCurrencyCode>
   <cbc:BuyerReference>991-33333TEST-33</cbc:BuyerReference>
   <cac:AccountingSupplierParty>
      <cac:Party>
         <cbc:EndpointID schemeID="EM">test@test.de</cbc:EndpointID>
         <cac:PostalAddress>
            <cbc:StreetName>Teststraße </cbc:StreetName>
            <cbc:CityName>12345</cbc:CityName>
            <cbc:PostalZone>Testhausen</cbc:PostalZone>
            <cac:Country>
               <cbc:IdentificationCode>DE</cbc:IdentificationCode>
            </cac:Country>
         </cac:PostalAddress>
         <cac:PartyTaxScheme>
            <cbc:CompanyID>DE12345464867</cbc:CompanyID>
            <cac:TaxScheme>
               <cbc:ID>VAT</cbc:ID>
            </cac:TaxScheme>
         </cac:PartyTaxScheme>
         <cac:PartyTaxScheme>
            <cbc:CompanyID>1121081508150</cbc:CompanyID>
            <cac:TaxScheme>
               <cbc:ID/>
            </cac:TaxScheme>
         </cac:PartyTaxScheme>
         <cac:PartyLegalEntity>
            <cbc:RegistrationName>Testverkäufer</cbc:RegistrationName>
         </cac:PartyLegalEntity>
         <cac:Contact>
            <cbc:Name>Test</cbc:Name>
            <cbc:Telephone>123456789</cbc:Telephone>
            <cbc:ElectronicMail>test@test.de</cbc:ElectronicMail>
         </cac:Contact>
      </cac:Party>
   </cac:AccountingSupplierParty>
   <cac:AccountingCustomerParty>
      <cac:Party>
         <cac:PostalAddress>
            <cbc:StreetName>Teststraße </cbc:StreetName>
            <cbc:AdditionalStreetName/>
            <cbc:CityName>12345</cbc:CityName>
            <cbc:PostalZone>Testhausen</cbc:PostalZone>
            <cac:Country>
               <cbc:IdentificationCode>DE</cbc:IdentificationCode>
            </cac:Country>
         </cac:PostalAddress>
         <cac:PartyLegalEntity>
            <cbc:RegistrationName>Testkäufer</cbc:RegistrationName>
         </cac:PartyLegalEntity>
      </cac:Party>
   </cac:AccountingCustomerParty>
   <cac:PaymentMeans>
      <cbc:PaymentMeansCode>58</cbc:PaymentMeansCode>
      <cac:PayeeFinancialAccount>
         <cbc:ID>DE21081508151234123412</cbc:ID>
         <cbc:Name>Testkäufer</cbc:Name>
      </cac:PayeeFinancialAccount>
   </cac:PaymentMeans>
   <cac:TaxTotal>
      <cbc:TaxAmount currencyID="EUR">304.00</cbc:TaxAmount>
      <cac:TaxSubtotal>
         <cbc:TaxableAmount currencyID="EUR">1600.00</cbc:TaxableAmount>
         <cbc:TaxAmount currencyID="EUR">304.00</cbc:TaxAmount>
         <cac:TaxCategory>
            <cbc:ID>S</cbc:ID>
            <cbc:Percent>19.00</cbc:Percent>
            <cac:TaxScheme>
               <cbc:ID>VAT</cbc:ID>
            </cac:TaxScheme>
         </cac:TaxCategory>
      </cac:TaxSubtotal>
      <cac:TaxSubtotal>
         <cbc:TaxableAmount currencyID="EUR">-100.00</cbc:TaxableAmount>
         <cbc:TaxAmount currencyID="EUR">0.00</cbc:TaxAmount>
         <cac:TaxCategory>
            <cbc:ID>Z</cbc:ID>
            <cbc:Percent>0.00</cbc:Percent>
            <cac:TaxScheme>
               <cbc:ID>VAT</cbc:ID>
            </cac:TaxScheme>
         </cac:TaxCategory>
      </cac:TaxSubtotal>
   </cac:TaxTotal>
   <cac:LegalMonetaryTotal>
      <cbc:LineExtensionAmount currencyID="EUR">1500.00</cbc:LineExtensionAmount>
      <cbc:TaxExclusiveAmount currencyID="EUR">1500.00</cbc:TaxExclusiveAmount>
      <cbc:TaxInclusiveAmount currencyID="EUR">1804.00</cbc:TaxInclusiveAmount>
      <cbc:AllowanceTotalAmount currencyID="EUR">0.00</cbc:AllowanceTotalAmount>
      <cbc:ChargeTotalAmount currencyID="EUR">0.00</cbc:ChargeTotalAmount>
      <cbc:PrepaidAmount currencyID="EUR">0.00</cbc:PrepaidAmount>
      <cbc:PayableRoundingAmount currencyID="EUR">0.00</cbc:PayableRoundingAmount>
      <cbc:PayableAmount currencyID="EUR">1804.00</cbc:PayableAmount>
   </cac:LegalMonetaryTotal>
   <cac:InvoiceLine>
      <cbc:ID>1</cbc:ID>
      <cbc:InvoicedQuantity unitCode="C62">1.00</cbc:InvoicedQuantity>
      <cbc:LineExtensionAmount currencyID="EUR">1000.00</cbc:LineExtensionAmount>
      <cac:Item>
         <cbc:Description/>
         <cbc:Name>Neumotor</cbc:Name>
         <cac:CommodityClassification/>
         <cac:ClassifiedTaxCategory>
            <cbc:ID>S</cbc:ID>
            <cbc:Percent>19.00</cbc:Percent>
            <cac:TaxScheme>
               <cbc:ID>VAT</cbc:ID>
            </cac:TaxScheme>
         </cac:ClassifiedTaxCategory>
      </cac:Item>
      <cac:Price>
         <cbc:PriceAmount currencyID="EUR">1000.00</cbc:PriceAmount>
      </cac:Price>
   </cac:InvoiceLine>
   
   <cac:InvoiceLine>
      <cbc:ID>2</cbc:ID>
      <cbc:InvoicedQuantity unitCode="C62">1.00</cbc:InvoicedQuantity>
      <cbc:LineExtensionAmount currencyID="EUR">100.00</cbc:LineExtensionAmount>
      <cac:Item>
         <cbc:Description/>
         <cbc:Name>Bemessungsgrundlage und Umsatzsteuer auf Altteil</cbc:Name>
         <cac:CommodityClassification/>
         <cac:ClassifiedTaxCategory>
            <cbc:ID>S</cbc:ID>
            <cbc:Percent>19.00</cbc:Percent>
            <cac:TaxScheme>
               <cbc:ID>VAT</cbc:ID>
            </cac:TaxScheme>
         </cac:ClassifiedTaxCategory>
      </cac:Item>
      <cac:Price>
         <cbc:PriceAmount currencyID="EUR">100.00</cbc:PriceAmount>
      </cac:Price>
   </cac:InvoiceLine>
   <cac:InvoiceLine>
      <cbc:ID>3</cbc:ID>
      <cbc:InvoicedQuantity unitCode="C62">-1.00</cbc:InvoicedQuantity>
      <cbc:LineExtensionAmount currencyID="EUR">-100.00</cbc:LineExtensionAmount>
      <cac:Item>
         <cbc:Description/>
         <cbc:Name>Korrektur/Stornierung Bemessungsgrundlage der Umsatzsteuer auf Altteil</cbc:Name>
         <cac:CommodityClassification/>
         <cac:ClassifiedTaxCategory>
            <cbc:ID>Z</cbc:ID>
            <cbc:Percent>0.00</cbc:Percent>
            <cac:TaxScheme>
               <cbc:ID>VAT</cbc:ID>
            </cac:TaxScheme>
         </cac:ClassifiedTaxCategory>
      </cac:Item>
      <cac:Price>
         <cbc:PriceAmount currencyID="EUR">100.00</cbc:PriceAmount>
      </cac:Price>
   </cac:InvoiceLine>
   <cac:InvoiceLine>
      <cbc:ID>4</cbc:ID>
      <cbc:InvoicedQuantity unitCode="HUR">1.00</cbc:InvoicedQuantity>
      <cbc:LineExtensionAmount currencyID="EUR">500.00</cbc:LineExtensionAmount>
      <cac:Item>
         <cbc:Description/>
         <cbc:Name>Montage</cbc:Name>
         <cac:CommodityClassification/>
         <cac:ClassifiedTaxCategory>
            <cbc:ID>S</cbc:ID>
            <cbc:Percent>19.00</cbc:Percent>
            <cac:TaxScheme>
               <cbc:ID>VAT</cbc:ID>
            </cac:TaxScheme>
         </cac:ClassifiedTaxCategory>
      </cac:Item>
      <cac:Price>
         <cbc:PriceAmount currencyID="EUR">500.00</cbc:PriceAmount>
      </cac:Price>
   </cac:InvoiceLine>
</ubl:Invoice>
