<?xml version='1.0' encoding='UTF-8' ?>

<!--Nutzungsrechte 
ZUGFeRD Datenformat Version 2.0, 30.11.2018
Beispiel Version 30.11.2018

Zweck des Forums für elektronische Rechnungen bei der AWV e.V („FeRD“) ist u.a. die Schaffung und Spezifizierung 
eines offenen Datenformats für strukturierten elektronischen Datenaustausch auf der Grundlage offener und nicht 
diskriminierender, standardisierter Technologien („ZUGFeRD Datenformat“)

Das ZUGFeRD Datenformat wird nach Maßgabe des FeRD sowohl Unternehmen als auch der öffentlichen Verwaltung 
frei zugänglich gemacht. Hierfür bietet FeRD allen Unternehmen und Organisationen der öffentlichen Verwaltung eine 
Lizenz für die Nutzung des urheberrechtlich geschützten ZUGFeRD-Datenformats zu fairen, sachgerechten und nicht 
diskriminierenden Bedingungen an.

Die Spezifikation des FeRD zur Implementierung des ZUGFeRD Datenformats ist in ihrer jeweils geltenden Fassung 
abrufbar unter www.ferd-net.de.

Im Einzelnen schließt die Nutzungsgewährung ein: 
=====================================

FeRD räumt eine Lizenz für die Nutzung des urheberrechtlich geschützten ZUGFeRD Datenformats in der jeweils 
geltenden und akzeptierten Fassung (www.ferd-net.de) ein. 
Die Lizenz beinhaltet ein unwiderrufliches Nutzungsrecht einschließlich des Rechts der Weiterentwicklung, 
Weiterbearbeitung und Verbindung mit anderen Produkten.
Die Lizenz gilt insbesondere für die Entwicklung, die Gestaltung, die Herstellung, den Verkauf, die Nutzung oder 
anderweitige Verwendung des ZUGFeRD Datenformats für Hardware- und/oder Softwareprodukte sowie sonstige 
Anwendungen und Dienste. 
Diese Lizenz schließt nicht die wesentlichen Patente der Mitglieder von FeRD ein. Als wesentliche Patente sind Patente 
und Patentanmeldungen weltweit zu verstehen, die einen oder mehrere Patentansprüche beinhalten, bei denen es sich um 
notwendige Ansprüche handelt. Notwendige Ansprüche sind lediglich jene Ansprüche der Wesentlichen Patente, die durch 
die Implementierung des ZUGFeRD Datenformats notwendigerweise verletzt würden. 
Der Lizenznehmer ist berechtigt, seinen jeweiligen Konzerngesellschaften ein unbefristetes, weltweites, nicht übertragbares, 
unwiderrufliches Nutzungsrecht einschließlich des Rechts der Weiterentwicklung, Weiterbearbeitung und Verbindung mit 
anderen Produkten einzuräumen. 

Die Lizenz wird kostenfrei zur Verfügung gestellt. 

Außer im Falle vorsätzlichen Verschuldens oder grober Fahrlässigkeit haftet FeRD weder für Nutzungsausfall, entgangenen 
Gewinn, Datenverlust, Kommunikationsverlust, Einnahmeausfall, Vertragseinbußen, Geschäftsausfall oder für Kosten, 
Schäden, Verluste oder Haftpflichten im Zusammenhang mit einer Unterbrechung der Geschäftstätigkeit, noch für konkrete, 
beiläufig entstandene, mittelbare Schäden, Straf- oder Folgeschäden und zwar auch dann nicht, wenn die Möglichkeit der 
Kosten, Verluste bzw. Schäden hätte normalerweise vorhergesehen werden können.-->
<rsm:CrossIndustryInvoice xmlns:a="urn:un:unece:uncefact:data:standard:QualifiedDataType:100" xmlns:rsm="urn:un:unece:uncefact:data:standard:CrossIndustryInvoice:100" xmlns:qdt="urn:un:unece:uncefact:data:standard:QualifiedDataType:10" xmlns:ram="urn:un:unece:uncefact:data:standard:ReusableAggregateBusinessInformationEntity:100" xmlns:xs="http://www.w3.org/2001/XMLSchema" xmlns:udt="urn:un:unece:uncefact:data:standard:UnqualifiedDataType:100">
  <rsm:ExchangedDocumentContext>
    <ram:GuidelineSpecifiedDocumentContextParameter>
      <ram:ID>urn:cen.eu:en16931:2017#compliant#urn:zugferd.de:2p0:basic</ram:ID>
    </ram:GuidelineSpecifiedDocumentContextParameter>
  </rsm:ExchangedDocumentContext>
  <rsm:ExchangedDocument>
    <ram:ID>471102</ram:ID>
    <ram:TypeCode>380</ram:TypeCode>
    <ram:IssueDateTime>
      <udt:DateTimeString format="102">20180305</udt:DateTimeString>
    </ram:IssueDateTime>
    <ram:IncludedNote>
      <ram:Content>Rechnung gemäß Bestellung vom 01.03.2018.</ram:Content>
    </ram:IncludedNote>
    <ram:IncludedNote>
      <ram:Content>Lieferant GmbH				
Lieferantenstraße 20				
80333 München				
Deutschland				
Geschäftsführer: Hans Muster
Handelsregisternummer: H A 123
      </ram:Content>
    </ram:IncludedNote>
    <ram:IncludedNote>
      <ram:Content>Unsere GLN: 4000001123452
Ihre GLN: 4000001987658
Ihre Kundennummer: GE2020211


Zahlbar innerhalb 30 Tagen netto bis 04.04.2018, 3% Skonto innerhalb 10 Tagen bis 15.03.2018.
      </ram:Content>
    </ram:IncludedNote>
  </rsm:ExchangedDocument>
  <rsm:SupplyChainTradeTransaction>
    <ram:IncludedSupplyChainTradeLineItem>
      <ram:AssociatedDocumentLineDocument>
        <ram:LineID>1</ram:LineID>
      </ram:AssociatedDocumentLineDocument>
      <ram:SpecifiedTradeProduct>
        <ram:GlobalID schemeID="0160">4012345001235</ram:GlobalID>

        <ram:Name>GTIN: 4012345001235
Unsere Art.-Nr.: TB100A4
Trennblätter A4
        </ram:Name>
      </ram:SpecifiedTradeProduct>
	        <ram:SpecifiedLineTradeAgreement>
        <ram:NetPriceProductTradePrice>
          <ram:ChargeAmount>9.90</ram:ChargeAmount>
        </ram:NetPriceProductTradePrice>
      </ram:SpecifiedLineTradeAgreement>
      <ram:SpecifiedLineTradeDelivery>
        <ram:BilledQuantity unitCode="C62">20.0000</ram:BilledQuantity>
      </ram:SpecifiedLineTradeDelivery>
      <ram:SpecifiedLineTradeSettlement>
	   <ram:ApplicableTradeTax>
       <ram:TypeCode>VAT</ram:TypeCode>
       <ram:CategoryCode>S</ram:CategoryCode>
          <ram:RateApplicablePercent>19</ram:RateApplicablePercent>
        </ram:ApplicableTradeTax>
        <ram:SpecifiedTradeSettlementLineMonetarySummation>
          <ram:LineTotalAmount>198.00</ram:LineTotalAmount>
        </ram:SpecifiedTradeSettlementLineMonetarySummation>
      </ram:SpecifiedLineTradeSettlement>
    </ram:IncludedSupplyChainTradeLineItem>
    <ram:ApplicableHeaderTradeAgreement>
      <ram:SellerTradeParty>
        <ram:Name>Lieferant GmbH</ram:Name>
        <ram:PostalTradeAddress>
          <ram:PostcodeCode>80333</ram:PostcodeCode>
          <ram:LineOne>Lieferantenstraße 20</ram:LineOne>
          <ram:CityName>München</ram:CityName>
          <ram:CountryID>DE</ram:CountryID>
        </ram:PostalTradeAddress>
        <ram:SpecifiedTaxRegistration>
          <ram:ID schemeID="FC">201/113/40209</ram:ID>
        </ram:SpecifiedTaxRegistration>
        <ram:SpecifiedTaxRegistration>
          <ram:ID schemeID="VA">DE123456789</ram:ID>
        </ram:SpecifiedTaxRegistration>
      </ram:SellerTradeParty>
      <ram:BuyerTradeParty>
        <ram:Name>Kunden AG Mitte</ram:Name>
        <ram:PostalTradeAddress>
          <ram:PostcodeCode>69876</ram:PostcodeCode>
          <ram:LineOne>Hans Muster</ram:LineOne>
          <ram:LineTwo>Kundenstraße 15</ram:LineTwo>
          <ram:CityName>Frankfurt</ram:CityName>
          <ram:CountryID>DE</ram:CountryID>
        </ram:PostalTradeAddress>
      </ram:BuyerTradeParty>
    </ram:ApplicableHeaderTradeAgreement>
    <ram:ApplicableHeaderTradeDelivery>
      <ram:ActualDeliverySupplyChainEvent>
        <ram:OccurrenceDateTime>
          <udt:DateTimeString format="102">20180305</udt:DateTimeString>
        </ram:OccurrenceDateTime>
      </ram:ActualDeliverySupplyChainEvent>
    </ram:ApplicableHeaderTradeDelivery>
    <ram:ApplicableHeaderTradeSettlement>
      <ram:InvoiceCurrencyCode>EUR</ram:InvoiceCurrencyCode>
      <ram:ApplicableTradeTax>
        <ram:CalculatedAmount>37.62</ram:CalculatedAmount>
        <ram:TypeCode>VAT</ram:TypeCode>
        <ram:BasisAmount>198.00</ram:BasisAmount>
		<ram:CategoryCode>S</ram:CategoryCode>
        <ram:RateApplicablePercent>19.00</ram:RateApplicablePercent>
      </ram:ApplicableTradeTax>
	        <ram:SpecifiedTradePaymentTerms>
        <ram:DueDateDateTime>
          <udt:DateTimeString format="102">20180404</udt:DateTimeString>
        </ram:DueDateDateTime>

      </ram:SpecifiedTradePaymentTerms>
      <ram:SpecifiedTradeSettlementHeaderMonetarySummation>
        <ram:LineTotalAmount>198.00</ram:LineTotalAmount>
        <ram:ChargeTotalAmount>0.00</ram:ChargeTotalAmount>
        <ram:AllowanceTotalAmount>0.00</ram:AllowanceTotalAmount>
        <ram:TaxBasisTotalAmount>198.00</ram:TaxBasisTotalAmount>
		<ram:TaxTotalAmount currencyID="EUR">37.62</ram:TaxTotalAmount>
        <ram:GrandTotalAmount>235.62</ram:GrandTotalAmount>
		<ram:DuePayableAmount>235.62</ram:DuePayableAmount>
      </ram:SpecifiedTradeSettlementHeaderMonetarySummation>
    </ram:ApplicableHeaderTradeSettlement>
  </rsm:SupplyChainTradeTransaction>
</rsm:CrossIndustryInvoice>