<?xml version='1.0' encoding='UTF-8' ?>

<!--Nutzungsrechte 
ZUGFeRD Datenformat Version 2.0, 30.11.2018
Beispiel Version 30.11.2018

Zweck des Forums für elektronische Rechnungen bei der AWV e.V („FeRD“) ist u.a. die Schaffung und Spezifizierung 
eines offenen Datenformats für strukturierten elektronischen Datenaustausch auf der Grundlage offener und nicht 
diskriminierender, standardisierter Technologien („ZUGFeRD Datenformat“)

Das ZUGFeRD Datenformat wird nach Maßgabe des FeRD sowohl Unternehmen als auch der öffentlichen Verwaltung 
frei zugänglich gemacht. Hierfür bietet FeRD allen Unternehmen und Organisationen der öffentlichen Verwaltung eine 
Lizenz für die Nutzung des urheberrechtlich geschützten ZUGFeRD-Datenformats zu fairen, sachgerechten und nicht 
diskriminierenden Bedingungen an.

Die Spezifikation des FeRD zur Implementierung des ZUGFeRD Datenformats ist in ihrer jeweils geltenden Fassung 
abrufbar unter www.ferd-net.de.

Im Einzelnen schließt die Nutzungsgewährung ein: 
=====================================

FeRD räumt eine Lizenz für die Nutzung des urheberrechtlich geschützten ZUGFeRD Datenformats in der jeweils 
geltenden und akzeptierten Fassung (www.ferd-net.de) ein. 
Die Lizenz beinhaltet ein unwiderrufliches Nutzungsrecht einschließlich des Rechts der Weiterentwicklung, 
Weiterbearbeitung und Verbindung mit anderen Produkten.
Die Lizenz gilt insbesondere für die Entwicklung, die Gestaltung, die Herstellung, den Verkauf, die Nutzung oder 
anderweitige Verwendung des ZUGFeRD Datenformats für Hardware- und/oder Softwareprodukte sowie sonstige 
Anwendungen und Dienste. 
Diese Lizenz schließt nicht die wesentlichen Patente der Mitglieder von FeRD ein. Als wesentliche Patente sind Patente 
und Patentanmeldungen weltweit zu verstehen, die einen oder mehrere Patentansprüche beinhalten, bei denen es sich um 
notwendige Ansprüche handelt. Notwendige Ansprüche sind lediglich jene Ansprüche der Wesentlichen Patente, die durch 
die Implementierung des ZUGFeRD Datenformats notwendigerweise verletzt würden. 
Der Lizenznehmer ist berechtigt, seinen jeweiligen Konzerngesellschaften ein unbefristetes, weltweites, nicht übertragbares, 
unwiderrufliches Nutzungsrecht einschließlich des Rechts der Weiterentwicklung, Weiterbearbeitung und Verbindung mit 
anderen Produkten einzuräumen. 

Die Lizenz wird kostenfrei zur Verfügung gestellt. 

Außer im Falle vorsätzlichen Verschuldens oder grober Fahrlässigkeit haftet FeRD weder für Nutzungsausfall, entgangenen 
Gewinn, Datenverlust, Kommunikationsverlust, Einnahmeausfall, Vertragseinbußen, Geschäftsausfall oder für Kosten, 
Schäden, Verluste oder Haftpflichten im Zusammenhang mit einer Unterbrechung der Geschäftstätigkeit, noch für konkrete, 
beiläufig entstandene, mittelbare Schäden, Straf- oder Folgeschäden und zwar auch dann nicht, wenn die Möglichkeit der 
Kosten, Verluste bzw. Schäden hätte normalerweise vorhergesehen werden können.-->
<rsm:CrossIndustryInvoice xmlns:a="urn:un:unece:uncefact:data:standard:QualifiedDataType:100" xmlns:rsm="urn:un:unece:uncefact:data:standard:CrossIndustryInvoice:100" xmlns:qdt="urn:un:unece:uncefact:data:standard:QualifiedDataType:10" xmlns:ram="urn:un:unece:uncefact:data:standard:ReusableAggregateBusinessInformationEntity:100" xmlns:xs="http://www.w3.org/2001/XMLSchema" xmlns:udt="urn:un:unece:uncefact:data:standard:UnqualifiedDataType:100">
  <rsm:ExchangedDocumentContext>
    <ram:TestIndicator>
      <udt:Indicator>true</udt:Indicator>
    </ram:TestIndicator>
    <ram:GuidelineSpecifiedDocumentContextParameter>
      <ram:ID>urn:cen.eu:en16931:2017#conformant#urn:zugferd.de:2p0:extended</ram:ID>
    </ram:GuidelineSpecifiedDocumentContextParameter>
  </rsm:ExchangedDocumentContext>
  <rsm:ExchangedDocument>
    <ram:ID>R87654321012345</ram:ID>
    <ram:Name>WARENRECHNUNG</ram:Name>
    <ram:TypeCode>380</ram:TypeCode>
    <ram:IssueDateTime>
      <udt:DateTimeString format="102">20180806</udt:DateTimeString>
    </ram:IssueDateTime>
    <ram:IncludedNote>
      <ram:ContentCode>ST3</ram:ContentCode>
      <ram:Content>Es bestehen Rabatt- oder Bonusvereinbarungen.</ram:Content>
      <ram:SubjectCode>AAK</ram:SubjectCode>
    </ram:IncludedNote>
    <ram:IncludedNote>
      <ram:ContentCode>EEV</ram:ContentCode>
      <ram:Content>Der Verkäufer bleibt Eigentümer der Waren bis zu vollständigen Erfüllung der Kaufpreisforderung.</ram:Content>
      <ram:SubjectCode>AAJ</ram:SubjectCode>
    </ram:IncludedNote>
    <ram:IncludedNote>
      <ram:Content>MUSTERLIEFERANT GMBH
BAHNHOFSTRASSE 99
99199 MUSTERHAUSEN
Geschäftsführung:
Max Mustermann
USt-IdNr: DE123456789
Telefon: +49 932 431 0
www.musterlieferant.de
HRB Nr. 372876
Amtsgericht Musterstadt
GLN 4304171000002
WEEE-Reg-Nr.: DE87654321
      </ram:Content>
      <ram:SubjectCode>REG</ram:SubjectCode>
    </ram:IncludedNote>
    <ram:IncludedNote>
      <ram:Content>Leergutwert: 46,50</ram:Content>
    </ram:IncludedNote>
	    <ram:IncludedNote>
      <ram:Content>Wichtige Information: Bei Bestellungen bis zum 19.12. ist die Auslieferung bis spätestens 23.12. garantiert.</ram:Content>
    </ram:IncludedNote>
  </rsm:ExchangedDocument>
  <rsm:SupplyChainTradeTransaction>
    <ram:IncludedSupplyChainTradeLineItem>
      <ram:AssociatedDocumentLineDocument>
        <ram:LineID>1</ram:LineID>
      </ram:AssociatedDocumentLineDocument>
      <ram:SpecifiedTradeProduct>
        <ram:GlobalID schemeID="0088">4123456000014</ram:GlobalID>
        <ram:SellerAssignedID>ZS997</ram:SellerAssignedID>
        <ram:Name>Zitronensäure 100ml</ram:Name>
        <ram:ApplicableProductCharacteristic>
          <ram:Description>Verpackungsart</ram:Description>
          <ram:Value>BO</ram:Value>
        </ram:ApplicableProductCharacteristic>
      </ram:SpecifiedTradeProduct>
      <ram:SpecifiedLineTradeAgreement>
        <ram:GrossPriceProductTradePrice>
          <ram:ChargeAmount>1.0000</ram:ChargeAmount>
        </ram:GrossPriceProductTradePrice>
        <ram:NetPriceProductTradePrice>
          <ram:ChargeAmount>1.0000</ram:ChargeAmount>
        </ram:NetPriceProductTradePrice>
      </ram:SpecifiedLineTradeAgreement>
      <ram:SpecifiedLineTradeDelivery>
        <ram:BilledQuantity unitCode="C62">100.0000</ram:BilledQuantity>
        <ram:PackageQuantity unitCode="CT">4.0000</ram:PackageQuantity>
      </ram:SpecifiedLineTradeDelivery>
      <ram:SpecifiedLineTradeSettlement>
        <ram:ApplicableTradeTax>
          <ram:TypeCode>VAT</ram:TypeCode>
          <ram:CategoryCode>S</ram:CategoryCode>
          <ram:RateApplicablePercent>19.00</ram:RateApplicablePercent>
        </ram:ApplicableTradeTax>
        <ram:SpecifiedTradeSettlementLineMonetarySummation>
          <ram:LineTotalAmount>100.00</ram:LineTotalAmount>
        </ram:SpecifiedTradeSettlementLineMonetarySummation>
      </ram:SpecifiedLineTradeSettlement>
    </ram:IncludedSupplyChainTradeLineItem>
    <ram:IncludedSupplyChainTradeLineItem>
      <ram:AssociatedDocumentLineDocument>
        <ram:LineID>2</ram:LineID>
      </ram:AssociatedDocumentLineDocument>
      <ram:SpecifiedTradeProduct>
        <ram:GlobalID schemeID="0088">4123456000021</ram:GlobalID>
        <ram:SellerAssignedID>GZ250</ram:SellerAssignedID>
        <ram:Name>Gelierzucker Extra 250g</ram:Name>
      </ram:SpecifiedTradeProduct>
      <ram:SpecifiedLineTradeAgreement>
        <ram:GrossPriceProductTradePrice>
          <ram:ChargeAmount>1.5000</ram:ChargeAmount>
          <ram:AppliedTradeAllowanceCharge>
            <ram:ChargeIndicator>
              <udt:Indicator>false</udt:Indicator>
            </ram:ChargeIndicator>
            <ram:ActualAmount>0.0300</ram:ActualAmount>
            <ram:Reason>Artikelrabatt 1</ram:Reason>
          </ram:AppliedTradeAllowanceCharge>
          <ram:AppliedTradeAllowanceCharge>
            <ram:ChargeIndicator>
              <udt:Indicator>false</udt:Indicator>
            </ram:ChargeIndicator>
            <ram:ActualAmount>0.0200</ram:ActualAmount>
            <ram:Reason>Artikelrabatt 2</ram:Reason>
          </ram:AppliedTradeAllowanceCharge>
        </ram:GrossPriceProductTradePrice>
        <ram:NetPriceProductTradePrice>
          <ram:ChargeAmount>1.4500</ram:ChargeAmount>
        </ram:NetPriceProductTradePrice>
      </ram:SpecifiedLineTradeAgreement>
      <ram:SpecifiedLineTradeDelivery>
        <ram:BilledQuantity unitCode="C62">50.0000</ram:BilledQuantity>
        <ram:PackageQuantity unitCode="CT">1.0000</ram:PackageQuantity>
      </ram:SpecifiedLineTradeDelivery>
      <ram:SpecifiedLineTradeSettlement>
        <ram:ApplicableTradeTax>
          <ram:TypeCode>VAT</ram:TypeCode>
          <ram:CategoryCode>S</ram:CategoryCode>
          <ram:RateApplicablePercent>7.00</ram:RateApplicablePercent>
        </ram:ApplicableTradeTax>
        <ram:SpecifiedTradeSettlementLineMonetarySummation>
          <ram:LineTotalAmount>72.50</ram:LineTotalAmount>
        </ram:SpecifiedTradeSettlementLineMonetarySummation>
      </ram:SpecifiedLineTradeSettlement>
    </ram:IncludedSupplyChainTradeLineItem>
    <ram:IncludedSupplyChainTradeLineItem>
      <ram:AssociatedDocumentLineDocument>
        <ram:LineID>3</ram:LineID>
      </ram:AssociatedDocumentLineDocument>
      <ram:SpecifiedTradeProduct>
        <ram:GlobalID schemeID="0088">4123456000021</ram:GlobalID>
        <ram:SellerAssignedID>GZ250</ram:SellerAssignedID>
        <ram:Name>Gelierzucker Extra 250g</ram:Name>
        <ram:Description>Artikel wie vereinbart ohne Berechnung</ram:Description>
      </ram:SpecifiedTradeProduct>
      <ram:SpecifiedLineTradeAgreement>
        <ram:GrossPriceProductTradePrice>
          <ram:ChargeAmount>0.0000</ram:ChargeAmount>
        </ram:GrossPriceProductTradePrice>
        <ram:NetPriceProductTradePrice>
          <ram:ChargeAmount>0.0000</ram:ChargeAmount>
        </ram:NetPriceProductTradePrice>
      </ram:SpecifiedLineTradeAgreement>
      <ram:SpecifiedLineTradeDelivery>
        <ram:BilledQuantity unitCode="C62">10.0000</ram:BilledQuantity>
        <ram:PackageQuantity unitCode="CT">1.0000</ram:PackageQuantity>
      </ram:SpecifiedLineTradeDelivery>
      <ram:SpecifiedLineTradeSettlement>
        <ram:ApplicableTradeTax>
          <ram:TypeCode>VAT</ram:TypeCode>
          <ram:CategoryCode>S</ram:CategoryCode>
          <ram:RateApplicablePercent>7.00</ram:RateApplicablePercent>
        </ram:ApplicableTradeTax>
        <ram:SpecifiedTradeSettlementLineMonetarySummation>
          <ram:LineTotalAmount>0.00</ram:LineTotalAmount>
        </ram:SpecifiedTradeSettlementLineMonetarySummation>
      </ram:SpecifiedLineTradeSettlement>
    </ram:IncludedSupplyChainTradeLineItem>
    <ram:IncludedSupplyChainTradeLineItem>
      <ram:AssociatedDocumentLineDocument>
        <ram:LineID>4</ram:LineID>
      </ram:AssociatedDocumentLineDocument>
      <ram:SpecifiedTradeProduct>
        <ram:GlobalID schemeID="0088">4100130013294</ram:GlobalID>
        <ram:SellerAssignedID>2031</ram:SellerAssignedID>
        <ram:BuyerAssignedID/>
        <ram:Name>Bierbrau Pils 20/0500</ram:Name>
        <ram:Description>EAN-VKE: 4100130913297</ram:Description>
        <ram:ApplicableProductCharacteristic>
          <ram:Description>Verpackung</ram:Description>
          <ram:Value>Kiste</ram:Value>
        </ram:ApplicableProductCharacteristic>
      </ram:SpecifiedTradeProduct>
      <ram:SpecifiedLineTradeAgreement>
        <ram:GrossPriceProductTradePrice>
          <ram:ChargeAmount>12.0000</ram:ChargeAmount>
        </ram:GrossPriceProductTradePrice>
        <ram:NetPriceProductTradePrice>
          <ram:ChargeAmount>12.0000</ram:ChargeAmount>
        </ram:NetPriceProductTradePrice>
      </ram:SpecifiedLineTradeAgreement>
      <ram:SpecifiedLineTradeDelivery>
        <ram:BilledQuantity unitCode="C62">15.0000</ram:BilledQuantity>
        <ram:PackageQuantity unitCode="BO">20.0000</ram:PackageQuantity>
      </ram:SpecifiedLineTradeDelivery>
      <ram:SpecifiedLineTradeSettlement>
        <ram:ApplicableTradeTax>
          <ram:TypeCode>VAT</ram:TypeCode>
          <ram:CategoryCode>S</ram:CategoryCode>
          <ram:RateApplicablePercent>19.00</ram:RateApplicablePercent>
        </ram:ApplicableTradeTax>
        <ram:SpecifiedTradeSettlementLineMonetarySummation>
          <ram:LineTotalAmount>180.00</ram:LineTotalAmount>
        </ram:SpecifiedTradeSettlementLineMonetarySummation>
      </ram:SpecifiedLineTradeSettlement>
    </ram:IncludedSupplyChainTradeLineItem>
    <ram:IncludedSupplyChainTradeLineItem>
      <ram:AssociatedDocumentLineDocument>
        <ram:LineID>5</ram:LineID>
      </ram:AssociatedDocumentLineDocument>
      <ram:SpecifiedTradeProduct>
        <ram:GlobalID schemeID="0088">2001015001325</ram:GlobalID>
        <ram:SellerAssignedID>1805</ram:SellerAssignedID>
        <ram:BuyerAssignedID/>
        <ram:Name>Leergutpfand 20 x 0,5l</ram:Name>
        <ram:ApplicableProductCharacteristic>
          <ram:Description>Verpackung</ram:Description>
          <ram:Value>unverpackt</ram:Value>
        </ram:ApplicableProductCharacteristic>
      </ram:SpecifiedTradeProduct>
      <ram:SpecifiedLineTradeAgreement>
        <ram:GrossPriceProductTradePrice>
          <ram:ChargeAmount>3.1000</ram:ChargeAmount>
        </ram:GrossPriceProductTradePrice>
        <ram:NetPriceProductTradePrice>
          <ram:ChargeAmount>3.1000</ram:ChargeAmount>
        </ram:NetPriceProductTradePrice>
      </ram:SpecifiedLineTradeAgreement>
      <ram:SpecifiedLineTradeDelivery>
        <ram:BilledQuantity unitCode="C62">15.0000</ram:BilledQuantity>
        <ram:PackageQuantity unitCode="BC">1.0000</ram:PackageQuantity>
      </ram:SpecifiedLineTradeDelivery>
      <ram:SpecifiedLineTradeSettlement>
        <ram:ApplicableTradeTax>
          <ram:TypeCode>VAT</ram:TypeCode>
          <ram:CategoryCode>S</ram:CategoryCode>
          <ram:RateApplicablePercent>19.00</ram:RateApplicablePercent>
        </ram:ApplicableTradeTax>
        <ram:SpecifiedTradeSettlementLineMonetarySummation>
          <ram:LineTotalAmount>46.50</ram:LineTotalAmount>
        </ram:SpecifiedTradeSettlementLineMonetarySummation>
      </ram:SpecifiedLineTradeSettlement>
    </ram:IncludedSupplyChainTradeLineItem>
    <ram:IncludedSupplyChainTradeLineItem>
      <ram:AssociatedDocumentLineDocument>
        <ram:LineID>6</ram:LineID>
      </ram:AssociatedDocumentLineDocument>
      <ram:SpecifiedTradeProduct>
        <ram:GlobalID schemeID="0088">4123456000038</ram:GlobalID>
        <ram:SellerAssignedID>MP107</ram:SellerAssignedID>
        <ram:Name>Mischpalette Joghurt Karton 3 x 20</ram:Name>
        <ram:ApplicableProductCharacteristic>
          <ram:Description>Verpackung</ram:Description>
          <ram:Value>Karton</ram:Value>
        </ram:ApplicableProductCharacteristic>
        <ram:IncludedReferencedProduct>
          <ram:GlobalID schemeID="0088">4123456001035</ram:GlobalID>
          <ram:SellerAssignedID>JOG103</ram:SellerAssignedID>
          <ram:Name>Erdbeer 20 x 150g Becher</ram:Name>
          <ram:UnitQuantity unitCode="C62">20.0000</ram:UnitQuantity>
        </ram:IncludedReferencedProduct>
        <ram:IncludedReferencedProduct>
          <ram:GlobalID schemeID="0088">4123456002032</ram:GlobalID>
          <ram:SellerAssignedID>JOG203</ram:SellerAssignedID>
          <ram:Name>Banane 20 x 150g Becher</ram:Name>
          <ram:UnitQuantity unitCode="C62">20.0000</ram:UnitQuantity>
        </ram:IncludedReferencedProduct>
        <ram:IncludedReferencedProduct>
          <ram:GlobalID schemeID="0088">4123456003039</ram:GlobalID>
          <ram:SellerAssignedID>JOG303</ram:SellerAssignedID>
          <ram:Name>Schoko 20 x 150g Becher</ram:Name>
          <ram:UnitQuantity unitCode="C62">20.0000</ram:UnitQuantity>
        </ram:IncludedReferencedProduct>
      </ram:SpecifiedTradeProduct>
      <ram:SpecifiedLineTradeAgreement>
        <ram:GrossPriceProductTradePrice>
          <ram:ChargeAmount>30.0000</ram:ChargeAmount>
          <ram:AppliedTradeAllowanceCharge>
            <ram:ChargeIndicator>
              <udt:Indicator>false</udt:Indicator>
            </ram:ChargeIndicator>
            <ram:ActualAmount>0.9000</ram:ActualAmount>
            <ram:Reason>Artikelrabatt 1</ram:Reason>
          </ram:AppliedTradeAllowanceCharge>
        </ram:GrossPriceProductTradePrice>
        <ram:NetPriceProductTradePrice>
          <ram:ChargeAmount>29.1000</ram:ChargeAmount>
        </ram:NetPriceProductTradePrice>
      </ram:SpecifiedLineTradeAgreement>
      <ram:SpecifiedLineTradeDelivery>
        <ram:BilledQuantity unitCode="C62">2.0000</ram:BilledQuantity>
        <ram:PackageQuantity unitCode="PX">1.0000</ram:PackageQuantity>
      </ram:SpecifiedLineTradeDelivery>
      <ram:SpecifiedLineTradeSettlement>
        <ram:ApplicableTradeTax>
          <ram:TypeCode>VAT</ram:TypeCode>
          <ram:CategoryCode>S</ram:CategoryCode>
          <ram:RateApplicablePercent>7.00</ram:RateApplicablePercent>
        </ram:ApplicableTradeTax>
        <ram:SpecifiedTradeSettlementLineMonetarySummation>
          <ram:LineTotalAmount>58.20</ram:LineTotalAmount>
        </ram:SpecifiedTradeSettlementLineMonetarySummation>
      </ram:SpecifiedLineTradeSettlement>
    </ram:IncludedSupplyChainTradeLineItem>
    <ram:ApplicableHeaderTradeAgreement>
      <ram:SellerTradeParty>
        <ram:ID>549910</ram:ID>
        <ram:GlobalID schemeID="0088">4333741000005</ram:GlobalID>
        <ram:Name>MUSTERLIEFERANT GMBH</ram:Name>
        <ram:DefinedTradeContact>
          <ram:TelephoneUniversalCommunication>
            <ram:CompleteNumber>+49 932 431 500</ram:CompleteNumber>
          </ram:TelephoneUniversalCommunication>
          <ram:EmailURIUniversalCommunication>
            <ram:URIID>max.mustermann@musterlieferant.de</ram:URIID>
          </ram:EmailURIUniversalCommunication>
        </ram:DefinedTradeContact>
        <ram:PostalTradeAddress>
          <ram:PostcodeCode>99199</ram:PostcodeCode>
          <ram:LineOne>BAHNHOFSTRASSE 99</ram:LineOne>
          <ram:CityName>MUSTERHAUSEN</ram:CityName>
          <ram:CountryID>DE</ram:CountryID>
        </ram:PostalTradeAddress>
        <ram:SpecifiedTaxRegistration>
          <ram:ID schemeID="VA">DE123456789</ram:ID>
        </ram:SpecifiedTaxRegistration>
      </ram:SellerTradeParty>
      <ram:BuyerTradeParty>
        <ram:ID>009420</ram:ID>
        <ram:GlobalID schemeID="0088">4304171000002</ram:GlobalID>
        <ram:Name>MUSTER-KUNDE GMBH</ram:Name>
        <ram:PostalTradeAddress>
          <ram:PostcodeCode>40235</ram:PostcodeCode>
          <ram:LineOne>KUNDENWEG 88</ram:LineOne>
          <ram:CityName>DUESSELDORF</ram:CityName>
          <ram:CountryID>DE</ram:CountryID>
        </ram:PostalTradeAddress>
      </ram:BuyerTradeParty>
      <ram:BuyerOrderReferencedDocument>
        <ram:IssuerAssignedID>B123456789</ram:IssuerAssignedID>
      </ram:BuyerOrderReferencedDocument>
      <ram:AdditionalReferencedDocument>
        <ram:IssuerAssignedID>A456123</ram:IssuerAssignedID>
        <ram:TypeCode>130</ram:TypeCode>
      </ram:AdditionalReferencedDocument>
    </ram:ApplicableHeaderTradeAgreement>
    <ram:ApplicableHeaderTradeDelivery>
      <ram:ShipToTradeParty>
        <ram:GlobalID schemeID="0088">4304171088093</ram:GlobalID>
        <ram:Name>MUSTER-MARKT</ram:Name>
        <ram:DefinedTradeContact>
          <ram:DepartmentName>8211</ram:DepartmentName>
        </ram:DefinedTradeContact>
        <ram:PostalTradeAddress>
          <ram:PostcodeCode>31157</ram:PostcodeCode>
          <ram:LineOne>HAUPTSTRASSE 44</ram:LineOne>
          <ram:CityName>SARSTEDT</ram:CityName>
          <ram:CountryID>DE</ram:CountryID>
        </ram:PostalTradeAddress>
      </ram:ShipToTradeParty>
      <ram:ActualDeliverySupplyChainEvent>
        <ram:OccurrenceDateTime>
          <udt:DateTimeString format="102">20180805</udt:DateTimeString>
        </ram:OccurrenceDateTime>
      </ram:ActualDeliverySupplyChainEvent>
      <ram:DeliveryNoteReferencedDocument>
        <ram:IssuerAssignedID>L87654321012345</ram:IssuerAssignedID>
      </ram:DeliveryNoteReferencedDocument>
    </ram:ApplicableHeaderTradeDelivery>
    <ram:ApplicableHeaderTradeSettlement>
      <ram:InvoiceCurrencyCode>EUR</ram:InvoiceCurrencyCode>
      <ram:InvoiceeTradeParty>
        <ram:ID>009420</ram:ID>
        <ram:GlobalID schemeID="0088">4304171000002</ram:GlobalID>
        <ram:Name>MUSTER-KUNDE GMBH</ram:Name>
        <ram:PostalTradeAddress>
          <ram:PostcodeCode>40235</ram:PostcodeCode>
          <ram:LineOne>KUNDENWEG 88</ram:LineOne>
          <ram:CityName>DUESSELDORF</ram:CityName>
          <ram:CountryID>DE</ram:CountryID>
        </ram:PostalTradeAddress>
      </ram:InvoiceeTradeParty>
      <ram:ApplicableTradeTax>
        <ram:CalculatedAmount>61.07</ram:CalculatedAmount>
        <ram:TypeCode>VAT</ram:TypeCode>
        <ram:BasisAmount>321.40</ram:BasisAmount>
        <ram:LineTotalBasisAmount>326.50</ram:LineTotalBasisAmount>
        <ram:AllowanceChargeBasisAmount>-5.10</ram:AllowanceChargeBasisAmount>
        <ram:CategoryCode>S</ram:CategoryCode>
        <ram:RateApplicablePercent>19.00</ram:RateApplicablePercent>
      </ram:ApplicableTradeTax>
      <ram:ApplicableTradeTax>
        <ram:CalculatedAmount>8.93</ram:CalculatedAmount>
        <ram:TypeCode>VAT</ram:TypeCode>
        <ram:BasisAmount>127.59</ram:BasisAmount>
        <ram:LineTotalBasisAmount>130.70</ram:LineTotalBasisAmount>
        <ram:AllowanceChargeBasisAmount>-3.11</ram:AllowanceChargeBasisAmount>
        <ram:CategoryCode>S</ram:CategoryCode>
        <ram:RateApplicablePercent>7.00</ram:RateApplicablePercent>
      </ram:ApplicableTradeTax>
      <ram:SpecifiedTradeAllowanceCharge>
        <ram:ChargeIndicator>
          <udt:Indicator>false</udt:Indicator>
        </ram:ChargeIndicator>
        <ram:CalculationPercent>2.00</ram:CalculationPercent>
        <ram:BasisAmount>280.00</ram:BasisAmount>
        <ram:ActualAmount>5.60</ram:ActualAmount>
        <ram:Reason>Rechnungsrabatt 1</ram:Reason>
        <ram:CategoryTradeTax>
          <ram:TypeCode>VAT</ram:TypeCode>
          <ram:CategoryCode>S</ram:CategoryCode>
          <ram:RateApplicablePercent>19.00</ram:RateApplicablePercent>
        </ram:CategoryTradeTax>
      </ram:SpecifiedTradeAllowanceCharge>
      <ram:SpecifiedTradeAllowanceCharge>
        <ram:ChargeIndicator>
          <udt:Indicator>false</udt:Indicator>
        </ram:ChargeIndicator>
        <ram:CalculationPercent>2.00</ram:CalculationPercent>
        <ram:BasisAmount>130.70</ram:BasisAmount>
        <ram:ActualAmount>2.61</ram:ActualAmount>
        <ram:Reason>Rechnungsrabatt 1</ram:Reason>
        <ram:CategoryTradeTax>
          <ram:TypeCode>VAT</ram:TypeCode>
          <ram:CategoryCode>S</ram:CategoryCode>
          <ram:RateApplicablePercent>7.00</ram:RateApplicablePercent>
        </ram:CategoryTradeTax>
      </ram:SpecifiedTradeAllowanceCharge>
      <ram:SpecifiedTradeAllowanceCharge>
        <ram:ChargeIndicator>
          <udt:Indicator>false</udt:Indicator>
        </ram:ChargeIndicator>
        <ram:BasisAmount>280.00</ram:BasisAmount>
        <ram:ActualAmount>2.50</ram:ActualAmount>
        <ram:Reason>Rechnungsrabatt 2</ram:Reason>
        <ram:CategoryTradeTax>
          <ram:TypeCode>VAT</ram:TypeCode>
          <ram:CategoryCode>S</ram:CategoryCode>
          <ram:RateApplicablePercent>19.00</ram:RateApplicablePercent>
        </ram:CategoryTradeTax>
      </ram:SpecifiedTradeAllowanceCharge>
      <ram:SpecifiedTradeAllowanceCharge>
        <ram:ChargeIndicator>
          <udt:Indicator>false</udt:Indicator>
        </ram:ChargeIndicator>
        <ram:BasisAmount>130.70</ram:BasisAmount>
        <ram:ActualAmount>0.50</ram:ActualAmount>
        <ram:Reason>Rechnungsrabatt 2</ram:Reason>
        <ram:CategoryTradeTax>
          <ram:TypeCode>VAT</ram:TypeCode>
          <ram:CategoryCode>S</ram:CategoryCode>
          <ram:RateApplicablePercent>7.00</ram:RateApplicablePercent>
        </ram:CategoryTradeTax>
      </ram:SpecifiedTradeAllowanceCharge>
      <ram:SpecifiedLogisticsServiceCharge>
        <ram:Description>Transportkosten</ram:Description>
        <ram:AppliedAmount>3.00</ram:AppliedAmount>
        <ram:AppliedTradeTax>
          <ram:TypeCode>VAT</ram:TypeCode>
          <ram:CategoryCode>S</ram:CategoryCode>
          <ram:RateApplicablePercent>19.00</ram:RateApplicablePercent>
        </ram:AppliedTradeTax>
      </ram:SpecifiedLogisticsServiceCharge>
      <ram:SpecifiedTradePaymentTerms>
        <ram:Description>Bei Zahlung innerhalb 14 Tagen gewähren wir 2,0% Skonto.</ram:Description>
        <ram:ApplicableTradePaymentDiscountTerms>
          <ram:BasisPeriodMeasure unitCode="DAY">14</ram:BasisPeriodMeasure>
          <ram:CalculationPercent>2.00</ram:CalculationPercent>
        </ram:ApplicableTradePaymentDiscountTerms>
      </ram:SpecifiedTradePaymentTerms>
      <ram:SpecifiedTradeSettlementHeaderMonetarySummation>
        <ram:LineTotalAmount>457.20</ram:LineTotalAmount>
        <ram:ChargeTotalAmount>3.00</ram:ChargeTotalAmount>
        <ram:AllowanceTotalAmount>11.21</ram:AllowanceTotalAmount>
        <ram:TaxBasisTotalAmount>448.99</ram:TaxBasisTotalAmount>
		<ram:TaxTotalAmount currencyID="EUR">70.00</ram:TaxTotalAmount>
        <ram:GrandTotalAmount>518.99</ram:GrandTotalAmount>
        <ram:TotalPrepaidAmount>0.00</ram:TotalPrepaidAmount>
        <ram:DuePayableAmount>518.99</ram:DuePayableAmount>
      </ram:SpecifiedTradeSettlementHeaderMonetarySummation>
    </ram:ApplicableHeaderTradeSettlement>
  </rsm:SupplyChainTradeTransaction>
</rsm:CrossIndustryInvoice>