﻿<?xml version="1.0" encoding="utf-8"?>
<rsm:Invoice xmlns:xs="http://www.w3.org/2001/XMLSchema" xmlns:rsm="urn:un:unece:uncefact:data:standard:CBFBUY:5" xmlns:xsi="http://www.w3.org/2001/XMLSchema-instance" xsi:schemaLocation="urn:un:unece:uncefact:data:standard:CBFBUY:5 ../Schema/Invoice.xsd">
  <rsm:SpecifiedExchangedDocumentContext>
    <TestIndicator>true</TestIndicator>
    <GuidelineSpecifiedDocumentContextParameter>
      <ID>urn:ferd:invoice:1.0:comfort</ID>
    </GuidelineSpecifiedDocumentContextParameter>
  </rsm:SpecifiedExchangedDocumentContext>
  <rsm:HeaderExchangedDocument>
    <ID>390</ID>
    <Name>RECHNUNG</Name>
    <TypeCode>380</TypeCode>
    <IssueDateTime format="102">20140210</IssueDateTime>
    <IncludedNote>
      <Content />
    </IncludedNote>
  </rsm:HeaderExchangedDocument>
  <rsm:SpecifiedSupplyChainTradeTransaction>
    <ApplicableSupplyChainTradeAgreement>
      <BuyerReference />
      <SellerTradeParty>
        <Name>OEC Computers Deutschland</Name>
        <PostalTradeAddress>
          <PostcodeCode>10178</PostcodeCode>
          <LineOne>Rosenthaler Straße 30</LineOne>
          <CityName>Berlin</CityName>
          <CountryID>DE</CountryID>
        </PostalTradeAddress>
        <SpecifiedTaxRegistration>
          <ID schemeID="FC">DE499003845</ID>
        </SpecifiedTaxRegistration>
      </SellerTradeParty>
      <BuyerTradeParty>
        <ID>C20000</ID>
        <GlobalID schemeID="0088">fdasfasd</GlobalID>
        <Name>PC Welt GmbH &amp; Co.KG</Name>
        <DefinedTradeContact>
          <PersonName>Christian Gander</PersonName>
        </DefinedTradeContact>
        <PostalTradeAddress>
          <PostcodeCode>10625</PostcodeCode>
          <LineOne>Goethestr. 24</LineOne>
          <CityName>Berlin</CityName>
          <CountryID>DE</CountryID>
        </PostalTradeAddress>
      </BuyerTradeParty>
    </ApplicableSupplyChainTradeAgreement>
    <ApplicableSupplyChainTradeDelivery />
    <ApplicableSupplyChainTradeSettlement>
      <InvoiceCurrencyCode>EUR</InvoiceCurrencyCode>
      <ApplicableTradeTax>
        <CalculatedAmount currencyID="EUR">43.68</CalculatedAmount>
        <TypeCode>VAT</TypeCode>
        <BasisAmount currencyID="EUR">229.90</BasisAmount>
        <CategoryCode>S</CategoryCode>
        <ApplicablePercent>19</ApplicablePercent>
      </ApplicableTradeTax>
      <SpecifiedLogisticsServiceCharge>
        <Description>Fracht</Description>
        <AppliedAmount>5.90</AppliedAmount>
        <AppliedTradeTax>
          <TypeCode>VAT</TypeCode>
          <CategoryCode>S</CategoryCode>
          <ApplicablePercent>18.98</ApplicablePercent>
        </AppliedTradeTax>
      </SpecifiedLogisticsServiceCharge>
      <SpecifiedLogisticsServiceCharge>
        <Description>Versicherung</Description>
        <AppliedAmount>2.00</AppliedAmount>
        <AppliedTradeTax>
          <TypeCode>VAT</TypeCode>
          <CategoryCode>S</CategoryCode>
          <ApplicablePercent>19.00</ApplicablePercent>
        </AppliedTradeTax>
      </SpecifiedLogisticsServiceCharge>
      <SpecifiedTradePaymentTerms>
        <Description>2% 10 Tage, Netto 30 Tage</Description>
        <DueDateDateTime format="102">20140307</DueDateDateTime>
      </SpecifiedTradePaymentTerms>
      <SpecifiedTradeSettlementMonetarySummation>
        <LineTotalAmount currencyID="EUR">237.80</LineTotalAmount>
        <ChargeTotalAmount currencyID="EUR">0.00</ChargeTotalAmount>
        <AllowanceTotalAmount currencyID="EUR">0.00</AllowanceTotalAmount>
        <TaxBasisTotalAmount currencyID="EUR">237.80</TaxBasisTotalAmount>
        <TaxTotalAmount currencyID="EUR">237.80</TaxTotalAmount>
        <GrandTotalAmount currencyID="EUR">282.98</GrandTotalAmount>
        <TotalPrepaidAmount currencyID="EUR">0.00</TotalPrepaidAmount>
        <DuePayableAmount currencyID="EUR">282.98</DuePayableAmount>
      </SpecifiedTradeSettlementMonetarySummation>
    </ApplicableSupplyChainTradeSettlement>
    <IncludedSupplyChainTradeLineItem>
      <AssociatedDocumentLineDocument>
        <LineID>1</LineID>
      </AssociatedDocumentLineDocument>
      <SpecifiedSupplyChainTradeAgreement>
        <GrossPriceProductTradePrice>
          <ChargeAmount currencyID="EUR">143.99</ChargeAmount>
          <BasisQuantity unitCode="C62">1</BasisQuantity>
        </GrossPriceProductTradePrice>
        <NetPriceProductTradePrice>
          <ChargeAmount currencyID="EUR">121.00</ChargeAmount>
          <BasisQuantity unitCode="C62">1.00</BasisQuantity>
        </NetPriceProductTradePrice>
      </SpecifiedSupplyChainTradeAgreement>
      <SpecifiedSupplyChainTradeDelivery>
        <BilledQuantity unitCode="C62">1.00</BilledQuantity>
      </SpecifiedSupplyChainTradeDelivery>
      <SpecifiedSupplyChainTradeSettlement>
        <ApplicableTradeTax>
          <TypeCode>VAT</TypeCode>
          <CategoryCode>S</CategoryCode>
          <ApplicablePercent>19</ApplicablePercent>
        </ApplicableTradeTax>
        <SpecifiedTradeSettlementMonetarySummation>
          <LineTotalAmount currencyID="EUR">121.00</LineTotalAmount>
        </SpecifiedTradeSettlementMonetarySummation>
      </SpecifiedSupplyChainTradeSettlement>
      <SpecifiedTradeProduct>
        <GlobalID schemeID="0160">098234507</GlobalID>
        <BuyerAssignedID>C20000A00001</BuyerAssignedID>
        <Name>J.B. Multifunktionsdrucker 1420</Name>
      </SpecifiedTradeProduct>
    </IncludedSupplyChainTradeLineItem>
    <IncludedSupplyChainTradeLineItem>
      <AssociatedDocumentLineDocument>
        <LineID>2</LineID>
      </AssociatedDocumentLineDocument>
      <SpecifiedSupplyChainTradeAgreement>
        <GrossPriceProductTradePrice>
          <ChargeAmount currencyID="EUR">117.81</ChargeAmount>
          <BasisQuantity unitCode="C62">1</BasisQuantity>
        </GrossPriceProductTradePrice>
        <NetPriceProductTradePrice>
          <ChargeAmount currencyID="EUR">99.00</ChargeAmount>
          <BasisQuantity unitCode="C62">1.00</BasisQuantity>
        </NetPriceProductTradePrice>
      </SpecifiedSupplyChainTradeAgreement>
      <SpecifiedSupplyChainTradeDelivery>
        <BilledQuantity unitCode="C62">1.00</BilledQuantity>
      </SpecifiedSupplyChainTradeDelivery>
      <SpecifiedSupplyChainTradeSettlement>
        <ApplicableTradeTax>
          <TypeCode>VAT</TypeCode>
          <CategoryCode>S</CategoryCode>
          <ApplicablePercent>19</ApplicablePercent>
        </ApplicableTradeTax>
        <SpecifiedTradeSettlementMonetarySummation>
          <LineTotalAmount currencyID="EUR">99.00</LineTotalAmount>
        </SpecifiedTradeSettlementMonetarySummation>
      </SpecifiedSupplyChainTradeSettlement>
      <SpecifiedTradeProduct>
        <SellerAssignedID>A00002</SellerAssignedID>
        <BuyerAssignedID>C20000A00002</BuyerAssignedID>
        <Name>J.B. Multifunktionsdrucker 1111</Name>
      </SpecifiedTradeProduct>
    </IncludedSupplyChainTradeLineItem>
    <IncludedSupplyChainTradeLineItem>
      <AssociatedDocumentLineDocument>
        <LineID>3</LineID>
      </AssociatedDocumentLineDocument>
      <SpecifiedSupplyChainTradeAgreement>
        <GrossPriceProductTradePrice>
          <ChargeAmount currencyID="EUR">11.78</ChargeAmount>
          <BasisQuantity unitCode="C62">1</BasisQuantity>
        </GrossPriceProductTradePrice>
        <NetPriceProductTradePrice>
          <ChargeAmount currencyID="EUR">9.90</ChargeAmount>
          <BasisQuantity unitCode="C62">1.00</BasisQuantity>
        </NetPriceProductTradePrice>
      </SpecifiedSupplyChainTradeAgreement>
      <SpecifiedSupplyChainTradeDelivery>
        <BilledQuantity unitCode="C62">1.00</BilledQuantity>
      </SpecifiedSupplyChainTradeDelivery>
      <SpecifiedSupplyChainTradeSettlement>
        <ApplicableTradeTax>
          <TypeCode>VAT</TypeCode>
          <CategoryCode>S</CategoryCode>
          <ApplicablePercent>19</ApplicablePercent>
        </ApplicableTradeTax>
        <SpecifiedTradeSettlementMonetarySummation>
          <LineTotalAmount currencyID="EUR">9.90</LineTotalAmount>
        </SpecifiedTradeSettlementMonetarySummation>
      </SpecifiedSupplyChainTradeSettlement>
      <SpecifiedTradeProduct>
        <SellerAssignedID>C00006</SellerAssignedID>
        <BuyerAssignedID>C20000C00006</BuyerAssignedID>
        <Name>Gigabit Netzwerkkarte</Name>
      </SpecifiedTradeProduct>
    </IncludedSupplyChainTradeLineItem>
  </rsm:SpecifiedSupplyChainTradeTransaction>
</rsm:Invoice>