<?xml version="1.0" encoding="UTF-8"?>
<rsm:Invoice xmlns:rsm="urn:un:unece:uncefact:data:standard:CBFBUY:5" xmlns:xs="http://www.w3.org/2001/XMLSchema" xmlns:xsi="http://www.w3.org/2001/XMLSchema-instance">
  <!--Created by PDFlib Cookbook program zugferd_invoice.java $Revision: 1.7 $
http://www.pdflib.com/pdflib-cookbook/-->
  <rsm:SpecifiedExchangedDocumentContext>
    <TestIndicator>true</TestIndicator>
    <GuidelineSpecifiedDocumentContextParameter>
      <ID>urn:ferd:invoice:rc:comfort</ID>
    </GuidelineSpecifiedDocumentContextParameter>
  </rsm:SpecifiedExchangedDocumentContext>
  <rsm:HeaderExchangedDocument>
    <ID>2013-03</ID>
    <Name>Rechnung</Name>
    <TypeCode>380</TypeCode>
    <IssueDateTime format="102">20130528</IssueDateTime>
  </rsm:HeaderExchangedDocument>
  <rsm:SpecifiedSupplyChainTradeTransaction>
    <ApplicableSupplyChainTradeAgreement>
      <SellerTradeParty>
        <Name>Kraxi GmbH</Name>
        <PostalTradeAddress>
          <PostcodeCode>12345</PostcodeCode>
          <LineOne>Flugzeugallee 17</LineOne>
          <CityName>Papierfeld</CityName>
          <CountryID>DE</CountryID>
        </PostalTradeAddress>
        <SpecifiedTaxRegistration>
          <ID schemeID="VA">DE123456789</ID>
        </SpecifiedTaxRegistration>
      </SellerTradeParty>
      <BuyerTradeParty>
        <ID>987-654</ID>
        <Name>Papierflieger-Vertriebs-GmbH</Name>
        <PostalTradeAddress>
          <PostcodeCode>34567</PostcodeCode>
          <LineOne>Rabattstr. 25</LineOne>
          <CityName>Osterhausen</CityName>
          <CountryID>DE</CountryID>
        </PostalTradeAddress>
      </BuyerTradeParty>
    </ApplicableSupplyChainTradeAgreement>
    <ApplicableSupplyChainTradeSettlement>
      <PaymentReference>2013-03</PaymentReference>
      <InvoiceCurrencyCode>EUR</InvoiceCurrencyCode>
      <SpecifiedTradePaymentTerms>
        <Description>Zahlbar innerhalb von 30 Tagen netto auf unser Konto. Bitte geben Sie dabei die Rechnungsnummer an. Skontoabzüge werden nicht akzeptiert.</Description>
      </SpecifiedTradePaymentTerms>
      <SpecifiedTradeSettlementMonetarySummation>
        <TaxBasisTotalAmount currencyID="EUR">845.00</TaxBasisTotalAmount>
        <TaxTotalAmount currencyID="EUR">160.55</TaxTotalAmount>
        <GrandTotalAmount currencyID="EUR">1005.55</GrandTotalAmount>
        <DuePayableAmount currencyID="EUR">1005.55</DuePayableAmount>
      </SpecifiedTradeSettlementMonetarySummation>
    </ApplicableSupplyChainTradeSettlement>
    <IncludedSupplyChainTradeLineItem>
      <AssociatedDocumentLineDocument>
        <LineID>1</LineID>
      </AssociatedDocumentLineDocument>
      <SpecifiedSupplyChainTradeAgreement>
        <GrossPriceProductTradePrice>
          <ChargeAmount currencyID="EUR">20.00</ChargeAmount>
          <BasisQuantity unitCode="C62">1</BasisQuantity>
        </GrossPriceProductTradePrice>
        <NetPriceProductTradePrice>
          <ChargeAmount currencyID="EUR">20.00</ChargeAmount>
          <BasisQuantity unitCode="C62">1</BasisQuantity>
        </NetPriceProductTradePrice>
      </SpecifiedSupplyChainTradeAgreement>
      <SpecifiedSupplyChainTradeDelivery>
        <BilledQuantity unitCode="C62">2</BilledQuantity>
      </SpecifiedSupplyChainTradeDelivery>
      <SpecifiedSupplyChainTradeSettlement>
        <ApplicableTradeTax>
          <TypeCode>VAT</TypeCode>
          <CategoryCode>S</CategoryCode>
          <ApplicablePercent>19.0</ApplicablePercent>
        </ApplicableTradeTax>
        <SpecifiedTradeSettlementMonetarySummation>
          <LineTotalAmount currencyID="EUR">40.00</LineTotalAmount>
        </SpecifiedTradeSettlementMonetarySummation>
      </SpecifiedSupplyChainTradeSettlement>
      <SpecifiedTradeProduct>
        <Name>Superdrachen</Name>
      </SpecifiedTradeProduct>
    </IncludedSupplyChainTradeLineItem>
    <IncludedSupplyChainTradeLineItem>
      <AssociatedDocumentLineDocument>
        <LineID>2</LineID>
      </AssociatedDocumentLineDocument>
      <SpecifiedSupplyChainTradeAgreement>
        <GrossPriceProductTradePrice>
          <ChargeAmount currencyID="EUR">40.00</ChargeAmount>
          <BasisQuantity unitCode="C62">1</BasisQuantity>
        </GrossPriceProductTradePrice>
        <NetPriceProductTradePrice>
          <ChargeAmount currencyID="EUR">40.00</ChargeAmount>
          <BasisQuantity unitCode="C62">1</BasisQuantity>
        </NetPriceProductTradePrice>
      </SpecifiedSupplyChainTradeAgreement>
      <SpecifiedSupplyChainTradeDelivery>
        <BilledQuantity unitCode="C62">5</BilledQuantity>
      </SpecifiedSupplyChainTradeDelivery>
      <SpecifiedSupplyChainTradeSettlement>
        <ApplicableTradeTax>
          <TypeCode>VAT</TypeCode>
          <CategoryCode>S</CategoryCode>
          <ApplicablePercent>19.0</ApplicablePercent>
        </ApplicableTradeTax>
        <SpecifiedTradeSettlementMonetarySummation>
          <LineTotalAmount currencyID="EUR">200.00</LineTotalAmount>
        </SpecifiedTradeSettlementMonetarySummation>
      </SpecifiedSupplyChainTradeSettlement>
      <SpecifiedTradeProduct>
        <Name>Turbo Flyer</Name>
      </SpecifiedTradeProduct>
    </IncludedSupplyChainTradeLineItem>
    <IncludedSupplyChainTradeLineItem>
      <AssociatedDocumentLineDocument>
        <LineID>3</LineID>
      </AssociatedDocumentLineDocument>
      <SpecifiedSupplyChainTradeAgreement>
        <GrossPriceProductTradePrice>
          <ChargeAmount currencyID="EUR">180.00</ChargeAmount>
          <BasisQuantity unitCode="C62">1</BasisQuantity>
        </GrossPriceProductTradePrice>
        <NetPriceProductTradePrice>
          <ChargeAmount currencyID="EUR">180.00</ChargeAmount>
          <BasisQuantity unitCode="C62">1</BasisQuantity>
        </NetPriceProductTradePrice>
      </SpecifiedSupplyChainTradeAgreement>
      <SpecifiedSupplyChainTradeDelivery>
        <BilledQuantity unitCode="C62">1</BilledQuantity>
      </SpecifiedSupplyChainTradeDelivery>
      <SpecifiedSupplyChainTradeSettlement>
        <ApplicableTradeTax>
          <TypeCode>VAT</TypeCode>
          <CategoryCode>S</CategoryCode>
          <ApplicablePercent>19.0</ApplicablePercent>
        </ApplicableTradeTax>
        <SpecifiedTradeSettlementMonetarySummation>
          <LineTotalAmount currencyID="EUR">180.00</LineTotalAmount>
        </SpecifiedTradeSettlementMonetarySummation>
      </SpecifiedSupplyChainTradeSettlement>
      <SpecifiedTradeProduct>
        <Name>Sturzflug-Geier</Name>
      </SpecifiedTradeProduct>
    </IncludedSupplyChainTradeLineItem>
    <IncludedSupplyChainTradeLineItem>
      <AssociatedDocumentLineDocument>
        <LineID>4</LineID>
      </AssociatedDocumentLineDocument>
      <SpecifiedSupplyChainTradeAgreement>
        <GrossPriceProductTradePrice>
          <ChargeAmount currencyID="EUR">50.00</ChargeAmount>
          <BasisQuantity unitCode="C62">1</BasisQuantity>
        </GrossPriceProductTradePrice>
        <NetPriceProductTradePrice>
          <ChargeAmount currencyID="EUR">50.00</ChargeAmount>
          <BasisQuantity unitCode="C62">1</BasisQuantity>
        </NetPriceProductTradePrice>
      </SpecifiedSupplyChainTradeAgreement>
      <SpecifiedSupplyChainTradeDelivery>
        <BilledQuantity unitCode="C62">3</BilledQuantity>
      </SpecifiedSupplyChainTradeDelivery>
      <SpecifiedSupplyChainTradeSettlement>
        <ApplicableTradeTax>
          <TypeCode>VAT</TypeCode>
          <CategoryCode>S</CategoryCode>
          <ApplicablePercent>19.0</ApplicablePercent>
        </ApplicableTradeTax>
        <SpecifiedTradeSettlementMonetarySummation>
          <LineTotalAmount currencyID="EUR">150.00</LineTotalAmount>
        </SpecifiedTradeSettlementMonetarySummation>
      </SpecifiedSupplyChainTradeSettlement>
      <SpecifiedTradeProduct>
        <Name>Eisvogel</Name>
      </SpecifiedTradeProduct>
    </IncludedSupplyChainTradeLineItem>
    <IncludedSupplyChainTradeLineItem>
      <AssociatedDocumentLineDocument>
        <LineID>5</LineID>
      </AssociatedDocumentLineDocument>
      <SpecifiedSupplyChainTradeAgreement>
        <GrossPriceProductTradePrice>
          <ChargeAmount currencyID="EUR">20.00</ChargeAmount>
          <BasisQuantity unitCode="C62">1</BasisQuantity>
        </GrossPriceProductTradePrice>
        <NetPriceProductTradePrice>
          <ChargeAmount currencyID="EUR">20.00</ChargeAmount>
          <BasisQuantity unitCode="C62">1</BasisQuantity>
        </NetPriceProductTradePrice>
      </SpecifiedSupplyChainTradeAgreement>
      <SpecifiedSupplyChainTradeDelivery>
        <BilledQuantity unitCode="C62">10</BilledQuantity>
      </SpecifiedSupplyChainTradeDelivery>
      <SpecifiedSupplyChainTradeSettlement>
        <ApplicableTradeTax>
          <TypeCode>VAT</TypeCode>
          <CategoryCode>S</CategoryCode>
          <ApplicablePercent>19.0</ApplicablePercent>
        </ApplicableTradeTax>
        <SpecifiedTradeSettlementMonetarySummation>
          <LineTotalAmount currencyID="EUR">200.00</LineTotalAmount>
        </SpecifiedTradeSettlementMonetarySummation>
      </SpecifiedSupplyChainTradeSettlement>
      <SpecifiedTradeProduct>
        <Name>Storch</Name>
      </SpecifiedTradeProduct>
    </IncludedSupplyChainTradeLineItem>
    <IncludedSupplyChainTradeLineItem>
      <AssociatedDocumentLineDocument>
        <LineID>6</LineID>
      </AssociatedDocumentLineDocument>
      <SpecifiedSupplyChainTradeAgreement>
        <GrossPriceProductTradePrice>
          <ChargeAmount currencyID="EUR">75.00</ChargeAmount>
          <BasisQuantity unitCode="C62">1</BasisQuantity>
        </GrossPriceProductTradePrice>
        <NetPriceProductTradePrice>
          <ChargeAmount currencyID="EUR">75.00</ChargeAmount>
          <BasisQuantity unitCode="C62">1</BasisQuantity>
        </NetPriceProductTradePrice>
      </SpecifiedSupplyChainTradeAgreement>
      <SpecifiedSupplyChainTradeDelivery>
        <BilledQuantity unitCode="C62">1</BilledQuantity>
      </SpecifiedSupplyChainTradeDelivery>
      <SpecifiedSupplyChainTradeSettlement>
        <ApplicableTradeTax>
          <TypeCode>VAT</TypeCode>
          <CategoryCode>S</CategoryCode>
          <ApplicablePercent>19.0</ApplicablePercent>
        </ApplicableTradeTax>
        <SpecifiedTradeSettlementMonetarySummation>
          <LineTotalAmount currencyID="EUR">75.00</LineTotalAmount>
        </SpecifiedTradeSettlementMonetarySummation>
      </SpecifiedSupplyChainTradeSettlement>
      <SpecifiedTradeProduct>
        <Name>Adler</Name>
      </SpecifiedTradeProduct>
    </IncludedSupplyChainTradeLineItem>
    <IncludedSupplyChainTradeLineItem>
      <AssociatedDocumentLineDocument>
        <LineID>7</LineID>
      </AssociatedDocumentLineDocument>
      <SpecifiedSupplyChainTradeAgreement>
        <GrossPriceProductTradePrice>
          <ChargeAmount currencyID="EUR">0.00</ChargeAmount>
          <BasisQuantity unitCode="C62">1</BasisQuantity>
        </GrossPriceProductTradePrice>
        <NetPriceProductTradePrice>
          <ChargeAmount currencyID="EUR">0.00</ChargeAmount>
          <BasisQuantity unitCode="C62">1</BasisQuantity>
        </NetPriceProductTradePrice>
      </SpecifiedSupplyChainTradeAgreement>
      <SpecifiedSupplyChainTradeDelivery>
        <BilledQuantity unitCode="C62">1</BilledQuantity>
      </SpecifiedSupplyChainTradeDelivery>
      <SpecifiedSupplyChainTradeSettlement>
        <ApplicableTradeTax>
          <TypeCode>VAT</TypeCode>
          <CategoryCode>S</CategoryCode>
          <ApplicablePercent>19.0</ApplicablePercent>
        </ApplicableTradeTax>
        <SpecifiedTradeSettlementMonetarySummation>
          <LineTotalAmount currencyID="EUR">0.00</LineTotalAmount>
        </SpecifiedTradeSettlementMonetarySummation>
      </SpecifiedSupplyChainTradeSettlement>
      <SpecifiedTradeProduct>
        <Name>Kostenlose Zugabe</Name>
      </SpecifiedTradeProduct>
    </IncludedSupplyChainTradeLineItem>
  </rsm:SpecifiedSupplyChainTradeTransaction>
</rsm:Invoice>
