﻿<?xml version="1.0" encoding="utf-8"?>
<rsm:Invoice xmlns:xs="http://www.w3.org/2001/XMLSchema" xmlns:rsm="urn:un:unece:uncefact:data:standard:CBFBUY:5" xmlns:xsi="http://www.w3.org/2001/XMLSchema-instance" xsi:schemaLocation="urn:un:unece:uncefact:data:standard:CBFBUY:5 ../Schema/Invoice.xsd">
  <rsm:SpecifiedExchangedDocumentContext>
    <TestIndicator>true</TestIndicator>
    <GuidelineSpecifiedDocumentContextParameter>
      <ID>urn:ferd:invoice:1.0:comfort</ID>
    </GuidelineSpecifiedDocumentContextParameter>
  </rsm:SpecifiedExchangedDocumentContext>
  <rsm:HeaderExchangedDocument>
    <ID>223</ID>
    <Name>RECHNUNG</Name>
    <TypeCode>380</TypeCode>
    <IssueDateTime format="102">20140120</IssueDateTime>
    <IncludedNote>
      <Content />
    </IncludedNote>
  </rsm:HeaderExchangedDocument>
  <rsm:SpecifiedSupplyChainTradeTransaction>
    <ApplicableSupplyChainTradeAgreement>
      <BuyerReference />
      <SellerTradeParty>
        <Name>OEC Computers Deutschland</Name>
        <PostalTradeAddress>
          <PostcodeCode>30</PostcodeCode>
          <LineOne />
          <CityName />
          <CountryID>DE</CountryID>
        </PostalTradeAddress>
        <SpecifiedTaxRegistration>
          <ID schemeID="VA">DE499003845</ID>
        </SpecifiedTaxRegistration>
      </SellerTradeParty>
      <BuyerTradeParty>
        <ID>C20000</ID>
        <Name>PC Welt GmbH &amp; Co.KG</Name>
        <DefinedTradeContact>
          <PersonName>Christian Gander</PersonName>
        </DefinedTradeContact>
        <PostalTradeAddress>
          <PostcodeCode>69345</PostcodeCode>
          <LineOne>Goethe Str. 24</LineOne>
          <CityName>Berlin</CityName>
          <CountryID>DE</CountryID>
        </PostalTradeAddress>
      </BuyerTradeParty>
      <BuyerOrderReferencedDocument>
        <IssueDateTime format="102">20130301</IssueDateTime>
        <ID>2013-471331</ID>
      </BuyerOrderReferencedDocument>
    </ApplicableSupplyChainTradeAgreement>
    <ApplicableSupplyChainTradeDelivery>
      <ActualDeliverySupplyChainEvent>
        <OccurrenceDateTime format="102">20130603</OccurrenceDateTime>
      </ActualDeliverySupplyChainEvent>
      <DeliveryNoteReferencedDocument>
        <ID>2013-51111</ID>
        <IssueDateTime format="102">20130603</IssueDateTime>
      </DeliveryNoteReferencedDocument>
    </ApplicableSupplyChainTradeDelivery>
    <ApplicableSupplyChainTradeSettlement>
      <PaymentReference />
      <InvoiceCurrencyCode>EUR</InvoiceCurrencyCode>
      <ApplicableTradeTax>
        <CalculatedAmount currencyID="EUR">85.50</CalculatedAmount>
        <TypeCode>VAT</TypeCode>
        <BasisAmount currencyID="EUR">450.00</BasisAmount>
        <CategoryCode>S</CategoryCode>
        <ApplicablePercent>19</ApplicablePercent>
      </ApplicableTradeTax>
      <SpecifiedLogisticsServiceCharge>
        <Description>Fracht</Description>
        <AppliedAmount>5.00</AppliedAmount>
        <AppliedTradeTax>
          <TypeCode>VAT</TypeCode>
          <CategoryCode>S</CategoryCode>
          <ApplicablePercent>19.00</ApplicablePercent>
        </AppliedTradeTax>
      </SpecifiedLogisticsServiceCharge>
      <SpecifiedLogisticsServiceCharge>
        <Description>Versicherung</Description>
        <AppliedAmount>2.00</AppliedAmount>
        <AppliedTradeTax>
          <TypeCode>VAT</TypeCode>
          <CategoryCode>S</CategoryCode>
          <ApplicablePercent>19.00</ApplicablePercent>
        </AppliedTradeTax>
      </SpecifiedLogisticsServiceCharge>
      <SpecifiedTradePaymentTerms>
        <DueDateDateTime format="102">20140219</DueDateDateTime>
      </SpecifiedTradePaymentTerms>
      <SpecifiedTradeSettlementMonetarySummation>
        <LineTotalAmount currencyID="EUR">543.83</LineTotalAmount>
        <ChargeTotalAmount currencyID="EUR">0.00</ChargeTotalAmount>
        <AllowanceTotalAmount currencyID="EUR">0.00</AllowanceTotalAmount>
        <TaxBasisTotalAmount currencyID="EUR">543.83</TaxBasisTotalAmount>
        <TaxTotalAmount currencyID="EUR">543.83</TaxTotalAmount>
        <GrandTotalAmount currencyID="EUR">630.66</GrandTotalAmount>
        <TotalPrepaidAmount currencyID="EUR">0.00</TotalPrepaidAmount>
        <DuePayableAmount currencyID="EUR">630.66</DuePayableAmount>
      </SpecifiedTradeSettlementMonetarySummation>
    </ApplicableSupplyChainTradeSettlement>
    <IncludedSupplyChainTradeLineItem>
      <AssociatedDocumentLineDocument>
        <LineID>1</LineID>
      </AssociatedDocumentLineDocument>
      <SpecifiedSupplyChainTradeAgreement>
        <GrossPriceProductTradePrice>
          <ChargeAmount currencyID="EUR">535.50</ChargeAmount>
          <BasisQuantity unitCode="C62">1</BasisQuantity>
        </GrossPriceProductTradePrice>
        <NetPriceProductTradePrice>
          <ChargeAmount currencyID="EUR">450.00</ChargeAmount>
          <BasisQuantity unitCode="C62">1.00</BasisQuantity>
        </NetPriceProductTradePrice>
      </SpecifiedSupplyChainTradeAgreement>
      <SpecifiedSupplyChainTradeDelivery>
        <BilledQuantity unitCode="C62">1.00</BilledQuantity>
      </SpecifiedSupplyChainTradeDelivery>
      <SpecifiedSupplyChainTradeSettlement>
        <ApplicableTradeTax>
          <TypeCode>VAT</TypeCode>
          <CategoryCode>S</CategoryCode>
          <ApplicablePercent>19</ApplicablePercent>
        </ApplicableTradeTax>
        <SpecifiedTradeSettlementMonetarySummation>
          <LineTotalAmount currencyID="EUR">450.00</LineTotalAmount>
        </SpecifiedTradeSettlementMonetarySummation>
      </SpecifiedSupplyChainTradeSettlement>
      <SpecifiedTradeProduct>
        <BuyerAssignedID />
        <Description />
      </SpecifiedTradeProduct>
    </IncludedSupplyChainTradeLineItem>
  </rsm:SpecifiedSupplyChainTradeTransaction>
</rsm:Invoice>